p1,p2,crossN,reciprocalNm,netMerit,cross,reciprocal,Grain.test.weight...lbs.bu,Grain.yield...bu.ac,Heading.time...Julian.date..JD..,Plant.height.inches,FHB.DON.content...ppm.,FHB.grain.incidence.....,select,rank,relValue
5,36,5 x 36,36 x 5,527.2,IL16LCSDH-08-T-2663-21 x 16-36752,16-36752 x IL16LCSDH-08-T-2663-21,58.5,91,133.3,37.9,1.8,0,1,30,103
32,36,32 x 36,36 x 32,525.4,18MSFRS-18 x 16-36752,16-36752 x 18MSFRS-18,58.4,89.9,133.7,37.1,1.4,0,1,52,103
5,32,5 x 32,32 x 5,524.1,IL16LCSDH-08-T-2663-21 x 18MSFRS-18,18MSFRS-18 x IL16LCSDH-08-T-2663-21,58.9,89.9,133.9,37.5,1.4,0,1,69,102
1,36,1 x 36,36 x 1,528.5,IL16LCSDH-09-T-2664-28 x 16-36752,16-36752 x IL16LCSDH-09-T-2664-28,59,89.8,133.3,36.9,1.3,0,1,22,103
1,5,1 x 5,5 x 1,527.2,IL16LCSDH-09-T-2664-28 x IL16LCSDH-08-T-2663-21,IL16LCSDH-08-T-2663-21 x IL16LCSDH-09-T-2664-28,59.5,89.8,133.5,37.3,1.3,0,1,31,103
5,6,5 x 6,6 x 5,516.8,IL16LCSDH-08-T-2663-21 x IL16LCSDH-07-T-2662-202,IL16LCSDH-07-T-2662-202 x IL16LCSDH-08-T-2663-21,58.2,89.8,133.7,37.2,1.9,0,1,145,101
6,36,6 x 36,36 x 6,513.6,IL16LCSDH-07-T-2662-202 x 16-36752,16-36752 x IL16LCSDH-07-T-2662-202,57.7,89.8,133.5,36.8,1.8,0,0,349,100
5,16,5 x 16,16 x 5,524.4,IL16LCSDH-08-T-2663-21 x 2020-16758,2020-16758 x IL16LCSDH-08-T-2663-21,57.9,89.7,133.3,37.4,1.5,0,1,66,102
16,36,16 x 36,36 x 16,517.3,2020-16758 x 16-36752,16-36752 x 2020-16758,57.5,89.7,133.1,37,1.5,0,0,290,101
2,36,2 x 36,36 x 2,526.2,IL16LCSDH-09-T-2664-23 x 16-36752,16-36752 x IL16LCSDH-09-T-2664-23,58.9,89.6,133.5,37,1.3,0,1,39,103
2,5,2 x 5,5 x 2,524.9,IL16LCSDH-09-T-2664-23 x IL16LCSDH-08-T-2663-21,IL16LCSDH-08-T-2663-21 x IL16LCSDH-09-T-2664-23,59.3,89.6,133.7,37.4,1.3,0,0,182,102
18,36,18 x 36,36 x 18,529.5,2020-15256 x 16-36752,16-36752 x 2020-15256,58.2,89.5,132.3,37.6,1.5,0,1,13,103
5,18,5 x 18,18 x 5,528.2,IL16LCSDH-08-T-2663-21 x 2020-15256,2020-15256 x IL16LCSDH-08-T-2663-21,58.6,89.5,132.4,38,1.5,0,1,25,103
17,36,17 x 36,36 x 17,519.5,2020-16738 x 16-36752,16-36752 x 2020-16738,57.6,89.5,132.6,37,1.5,0,0,253,101
5,17,5 x 17,17 x 5,525.7,IL16LCSDH-08-T-2663-21 x 2020-16738,2020-16738 x IL16LCSDH-08-T-2663-21,58,89.4,132.8,37.4,1.5,0,1,48,103
3,36,3 x 36,36 x 3,524.9,IL16LCSDH-09-T-2664-20 x 16-36752,16-36752 x IL16LCSDH-09-T-2664-20,58.9,89.4,133.4,36.8,1.4,0,0,181,102
3,5,3 x 5,5 x 3,523.6,IL16LCSDH-09-T-2664-20 x IL16LCSDH-08-T-2663-21,IL16LCSDH-08-T-2663-21 x IL16LCSDH-09-T-2664-20,59.4,89.4,133.6,37.2,1.4,0,0,189,102
4,36,4 x 36,36 x 4,523.5,IL16LCSDH-08-T-2663-55 x 16-36752,16-36752 x IL16LCSDH-08-T-2663-55,58.8,89.4,132.9,37.8,1.6,0,0,191,102
4,5,4 x 5,5 x 4,522.2,IL16LCSDH-08-T-2663-55 x IL16LCSDH-08-T-2663-21,IL16LCSDH-08-T-2663-21 x IL16LCSDH-08-T-2663-55,59.3,89.4,133.1,38.2,1.6,0,0,208,102
15,36,15 x 36,36 x 15,509.4,2020-1956 x 16-36752,16-36752 x 2020-1956,57.4,89.3,133.4,37.4,1.5,0,0,432,99
5,15,5 x 15,15 x 5,516.4,IL16LCSDH-08-T-2663-21 x 2020-1956,2020-1956 x IL16LCSDH-08-T-2663-21,57.8,89.2,133.6,37.8,1.6,0,1,147,101
5,7,5 x 7,7 x 5,514.2,IL16LCSDH-08-T-2663-21 x IL16LCSDH-06-T-2661-228,IL16LCSDH-06-T-2661-228 x IL16LCSDH-08-T-2663-21,57.8,88.9,133.4,37.1,1.6,0,1,168,100
7,36,7 x 36,36 x 7,507.2,IL16LCSDH-06-T-2661-228 x 16-36752,16-36752 x IL16LCSDH-06-T-2661-228,57.3,88.9,133.3,36.8,1.6,0,0,470,99
12,36,12 x 36,36 x 12,526.7,2020-5376 x 16-36752,16-36752 x 2020-5376,57.9,88.8,131.9,36.9,1.5,0,1,36,103
5,12,5 x 12,12 x 5,526.3,IL16LCSDH-08-T-2663-21 x 2020-5376,2020-5376 x IL16LCSDH-08-T-2663-21,58.4,88.8,132.1,37.2,1.5,0,1,38,103
1,32,1 x 32,32 x 1,525.2,IL16LCSDH-09-T-2664-28 x 18MSFRS-18,18MSFRS-18 x IL16LCSDH-09-T-2664-28,59.4,88.7,133.9,36.5,1,0,1,53,103
26,36,26 x 36,36 x 26,522.3,19-16136 x 16-36752,16-36752 x 19-16136,57.9,88.7,133,37.1,1.2,0,1,91,102
6,32,6 x 32,32 x 6,514.9,IL16LCSDH-07-T-2662-202 x 18MSFRS-18,18MSFRS-18 x IL16LCSDH-07-T-2662-202,58.1,88.7,134.1,36.4,1.5,0,1,160,101
16,32,16 x 32,32 x 16,521.1,2020-16758 x 18MSFRS-18,18MSFRS-18 x 2020-16758,57.9,88.7,133.7,36.6,1.1,0,0,221,102
35,36,35 x 36,36 x 35,505.4,17-23874 x 16-36752,16-36752 x 17-23874,57.8,88.7,133.8,37.6,1.9,0,0,497,99
10,36,10 x 36,36 x 10,526.1,2020-6205 x 16-36752,16-36752 x 2020-6205,58.2,88.6,132.4,37.7,1.4,0,1,45,103
5,26,5 x 26,26 x 5,523.6,IL16LCSDH-08-T-2663-21 x 19-16136,19-16136 x IL16LCSDH-08-T-2663-21,58.3,88.6,133.2,37.5,1.2,0,1,78,102
1,6,1 x 6,6 x 1,518,IL16LCSDH-09-T-2664-28 x IL16LCSDH-07-T-2662-202,IL16LCSDH-07-T-2662-202 x IL16LCSDH-09-T-2664-28,58.7,88.6,133.7,36.2,1.4,0,1,135,101
5,10,5 x 10,10 x 5,524.7,IL16LCSDH-08-T-2663-21 x 2020-6205,2020-6205 x IL16LCSDH-08-T-2663-21,58.7,88.6,132.6,38.1,1.4,0,0,184,102
5,35,5 x 35,35 x 5,507.8,IL16LCSDH-08-T-2663-21 x 17-23874,17-23874 x IL16LCSDH-08-T-2663-21,58.3,88.6,134,37.9,1.9,0,0,456,99
6,16,6 x 16,16 x 6,501.9,IL16LCSDH-07-T-2662-202 x 2020-16758,2020-16758 x IL16LCSDH-07-T-2662-202,57.2,88.6,133.5,36.3,1.6,0,0,549,98
1,16,1 x 16,16 x 1,526.4,IL16LCSDH-09-T-2664-28 x 2020-16758,2020-16758 x IL16LCSDH-09-T-2664-28,58.4,88.5,133.3,36.4,1,0,1,37,103
24,36,24 x 36,36 x 24,523.9,19-20348 x 16-36752,16-36752 x 19-20348,58,88.5,132.4,36.9,1.4,0,1,70,102
5,24,5 x 24,24 x 5,522.6,IL16LCSDH-08-T-2663-21 x 19-20348,19-20348 x IL16LCSDH-08-T-2663-21,58.5,88.5,132.6,37.2,1.5,0,1,87,102
2,32,2 x 32,32 x 2,522.9,IL16LCSDH-09-T-2664-23 x 18MSFRS-18,18MSFRS-18 x IL16LCSDH-09-T-2664-23,59.3,88.5,134.1,36.5,1,0,0,198,102
18,32,18 x 32,32 x 18,526.2,2020-15256 x 18MSFRS-18,18MSFRS-18 x 2020-15256,58.6,88.4,132.9,37.1,1.2,0,1,40,103
9,36,9 x 36,36 x 9,524.9,IL16LCSDH-01-T-863-58 x 16-36752,16-36752 x IL16LCSDH-01-T-863-58,58.9,88.4,133.1,36.9,1.1,0,1,56,102
5,9,5 x 9,9 x 5,523.6,IL16LCSDH-08-T-2663-21 x IL16LCSDH-01-T-863-58,IL16LCSDH-01-T-863-58 x IL16LCSDH-08-T-2663-21,59.4,88.4,133.3,37.3,1.2,0,1,76,102
17,32,17 x 32,32 x 17,523.3,2020-16738 x 18MSFRS-18,18MSFRS-18 x 2020-16738,58,88.4,133.2,36.5,1.2,0,1,82,102
2,6,2 x 6,6 x 2,515.7,IL16LCSDH-09-T-2664-23 x IL16LCSDH-07-T-2662-202,IL16LCSDH-07-T-2662-202 x IL16LCSDH-09-T-2664-23,58.6,88.4,133.9,36.3,1.4,0,1,150,101
1,2,1 x 2,2 x 1,526,IL16LCSDH-09-T-2664-28 x IL16LCSDH-09-T-2664-23,IL16LCSDH-09-T-2664-23 x IL16LCSDH-09-T-2664-28,59.8,88.4,133.7,36.4,0.9,0,0,179,103
3,32,3 x 32,32 x 3,521.6,IL16LCSDH-09-T-2664-20 x 18MSFRS-18,18MSFRS-18 x IL16LCSDH-09-T-2664-20,59.3,88.4,134,36.4,1,0,0,215,102
1,18,1 x 18,18 x 1,529.3,IL16LCSDH-09-T-2664-28 x 2020-15256,2020-15256 x IL16LCSDH-09-T-2664-28,59.1,88.3,132.5,37,1.1,0,1,17,103
1,17,1 x 17,17 x 1,526.8,IL16LCSDH-09-T-2664-28 x 2020-16738,2020-16738 x IL16LCSDH-09-T-2664-28,58.5,88.3,132.8,36.4,1.1,0,1,34,103
2,16,2 x 16,16 x 2,524.2,IL16LCSDH-09-T-2664-23 x 2020-16758,2020-16758 x IL16LCSDH-09-T-2664-23,58.3,88.3,133.5,36.5,1,0,1,68,102
6,18,6 x 18,18 x 6,517.1,IL16LCSDH-07-T-2662-202 x 2020-15256,2020-15256 x IL16LCSDH-07-T-2662-202,57.9,88.3,132.7,36.8,1.6,0,1,139,101
3,6,3 x 6,6 x 3,514.4,IL16LCSDH-09-T-2664-20 x IL16LCSDH-07-T-2662-202,IL16LCSDH-07-T-2662-202 x IL16LCSDH-09-T-2664-20,58.6,88.3,133.8,36.1,1.5,0,1,165,100
11,36,11 x 36,36 x 11,523.2,2020-6148 x 16-36752,16-36752 x 2020-6148,58.2,88.3,132.7,38.4,1.3,0,0,195,102
5,11,5 x 11,11 x 5,521.9,IL16LCSDH-08-T-2663-21 x 2020-6148,2020-6148 x IL16LCSDH-08-T-2663-21,58.7,88.3,132.8,38.8,1.4,0,0,213,102
16,18,16 x 18,18 x 16,520.8,2020-16758 x 2020-15256,2020-15256 x 2020-16758,57.6,88.3,132.2,37.1,1.2,0,0,228,102
4,32,4 x 32,32 x 4,520.2,IL16LCSDH-08-T-2663-55 x 18MSFRS-18,18MSFRS-18 x IL16LCSDH-08-T-2663-55,59.2,88.3,133.5,37.4,1.3,0,0,236,102
6,17,6 x 17,17 x 6,504.1,IL16LCSDH-07-T-2662-202 x 2020-16738,2020-16738 x IL16LCSDH-07-T-2662-202,57.3,88.3,133,36.3,1.6,0,0,521,98
27,36,27 x 36,36 x 27,534.5,19-14856 x 16-36752,16-36752 x 19-14856,58.1,88.2,131.1,37,1.2,0,1,2,104
5,27,5 x 27,27 x 5,533.2,IL16LCSDH-08-T-2663-21 x 19-14856,19-14856 x IL16LCSDH-08-T-2663-21,58.6,88.2,131.3,37.4,1.2,0,1,5,104
34,36,34 x 36,36 x 34,515.5,17-23904 x 16-36752,16-36752 x 17-23904,58.2,88.2,132.4,37.1,1.8,0,1,154,101
5,34,5 x 34,34 x 5,514.2,IL16LCSDH-08-T-2663-21 x 17-23904,17-23904 x IL16LCSDH-08-T-2663-21,58.7,88.2,132.6,37.5,1.8,0,1,169,100
15,32,15 x 32,32 x 15,513.2,2020-1956 x 18MSFRS-18,18MSFRS-18 x 2020-1956,57.8,88.2,134,36.9,1.2,0,1,174,100
1,3,1 x 3,3 x 1,524.7,IL16LCSDH-09-T-2664-28 x IL16LCSDH-09-T-2664-20,IL16LCSDH-09-T-2664-20 x IL16LCSDH-09-T-2664-28,59.9,88.2,133.6,36.2,0.9,0,0,185,102
1,4,1 x 4,4 x 1,523.3,IL16LCSDH-09-T-2664-28 x IL16LCSDH-08-T-2663-55,IL16LCSDH-08-T-2663-55 x IL16LCSDH-09-T-2664-28,59.8,88.2,133.1,37.2,1.2,0,0,193,102
3,16,3 x 16,16 x 3,522.9,IL16LCSDH-09-T-2664-20 x 2020-16758,2020-16758 x IL16LCSDH-09-T-2664-20,58.4,88.2,133.4,36.3,1.1,0,0,200,102
4,16,4 x 16,16 x 4,521.5,IL16LCSDH-08-T-2663-55 x 2020-16758,2020-16758 x IL16LCSDH-08-T-2663-55,58.3,88.2,132.9,37.3,1.3,0,0,219,102
4,6,4 x 6,6 x 4,513,IL16LCSDH-08-T-2663-55 x IL16LCSDH-07-T-2662-202,IL16LCSDH-07-T-2662-202 x IL16LCSDH-08-T-2663-55,58.5,88.2,133.3,37.1,1.7,0,0,359,100
16,17,16 x 17,17 x 16,507.8,2020-16758 x 2020-16738,2020-16738 x 2020-16758,57,88.2,132.6,36.5,1.2,0,0,457,99
2,18,2 x 18,18 x 2,527,IL16LCSDH-09-T-2664-23 x 2020-15256,2020-15256 x IL16LCSDH-09-T-2664-23,59,88.1,132.7,37,1.1,0,1,32,103
2,17,2 x 17,17 x 2,524.5,IL16LCSDH-09-T-2664-23 x 2020-16738,2020-16738 x IL16LCSDH-09-T-2664-23,58.4,88.1,133,36.5,1.1,0,1,62,102
1,15,1 x 15,15 x 1,520.5,IL16LCSDH-09-T-2664-28 x 2020-1956,2020-1956 x IL16LCSDH-09-T-2664-28,58.3,88.1,133.7,36.8,1.1,0,1,114,102
13,36,13 x 36,36 x 13,517.8,2020-2334 x 16-36752,16-36752 x 2020-2334,57.7,88.1,132,37.5,1.5,0,0,281,101
6,15,6 x 15,15 x 6,494.1,IL16LCSDH-07-T-2662-202 x 2020-1956,2020-1956 x IL16LCSDH-07-T-2662-202,57.1,88.1,133.8,36.7,1.6,0,0,622,96
5,13,5 x 13,13 x 5,521.3,IL16LCSDH-08-T-2663-21 x 2020-2334,2020-2334 x IL16LCSDH-08-T-2663-21,58.2,88,132.2,37.9,1.5,0,1,104,102
17,18,17 x 18,18 x 17,522.9,2020-16738 x 2020-15256,2020-15256 x 2020-16738,57.7,88,131.8,37,1.3,0,0,197,102
2,3,2 x 3,3 x 2,522.4,IL16LCSDH-09-T-2664-23 x IL16LCSDH-09-T-2664-20,IL16LCSDH-09-T-2664-20 x IL16LCSDH-09-T-2664-23,59.7,88,133.8,36.3,0.9,0,0,205,102
2,4,2 x 4,4 x 2,521,IL16LCSDH-09-T-2664-23 x IL16LCSDH-08-T-2663-55,IL16LCSDH-08-T-2663-55 x IL16LCSDH-09-T-2664-23,59.7,88,133.3,37.3,1.2,0,0,223,102
15,16,15 x 16,16 x 15,497.8,2020-1956 x 2020-16758,2020-16758 x 2020-1956,56.8,88,133.4,36.9,1.3,0,0,593,97
22,36,22 x 36,36 x 22,518.4,19-6637 x 16-36752,16-36752 x 19-6637,58.7,87.9,132.7,36.8,1.5,0,1,129,101
2,15,2 x 15,15 x 2,518.3,IL16LCSDH-09-T-2664-23 x 2020-1956,2020-1956 x IL16LCSDH-09-T-2664-23,58.2,87.9,133.8,36.9,1.1,0,1,130,101
5,22,5 x 22,22 x 5,517,IL16LCSDH-08-T-2663-21 x 19-6637,19-6637 x IL16LCSDH-08-T-2663-21,59.2,87.9,132.9,37.2,1.5,0,1,140,101
3,18,3 x 18,18 x 3,525.7,IL16LCSDH-09-T-2664-20 x 2020-15256,2020-15256 x IL16LCSDH-09-T-2664-20,59,87.9,132.6,36.9,1.1,0,0,180,103
4,18,4 x 18,18 x 4,524.3,IL16LCSDH-08-T-2663-55 x 2020-15256,2020-15256 x IL16LCSDH-08-T-2663-55,59,87.9,132.1,37.8,1.3,0,0,186,102
3,17,3 x 17,17 x 3,523.3,IL16LCSDH-09-T-2664-20 x 2020-16738,2020-16738 x IL16LCSDH-09-T-2664-20,58.4,87.9,132.9,36.3,1.1,0,0,194,102
4,17,4 x 17,17 x 4,521.9,IL16LCSDH-08-T-2663-55 x 2020-16738,2020-16738 x IL16LCSDH-08-T-2663-55,58.4,87.9,132.4,37.3,1.4,0,0,214,102
20,36,20 x 36,36 x 20,528.9,2020-13902 x 16-36752,16-36752 x 2020-13902,58,87.8,132,37.3,1.1,0,1,20,103
5,20,5 x 20,20 x 5,527.6,IL16LCSDH-08-T-2663-21 x 2020-13902,2020-13902 x IL16LCSDH-08-T-2663-21,58.5,87.8,132.2,37.6,1.1,0,1,28,103
19,36,19 x 36,36 x 19,520.6,2020-14116 x 16-36752,16-36752 x 2020-14116,58,87.8,132.8,37.4,1.3,0,1,113,102
5,19,5 x 19,19 x 5,519.4,IL16LCSDH-08-T-2663-21 x 2020-14116,2020-14116 x IL16LCSDH-08-T-2663-21,58.5,87.8,132.9,37.8,1.3,0,1,123,101
3,4,3 x 4,4 x 3,519.7,IL16LCSDH-09-T-2664-20 x IL16LCSDH-08-T-2663-55,IL16LCSDH-08-T-2663-55 x IL16LCSDH-09-T-2664-20,59.7,87.8,133.2,37.1,1.2,0,0,246,101
15,18,15 x 18,18 x 15,512.9,2020-1956 x 2020-15256,2020-15256 x 2020-1956,57.5,87.8,132.6,37.4,1.3,0,0,361,100
7,32,7 x 32,32 x 7,511,IL16LCSDH-06-T-2661-228 x 18MSFRS-18,18MSFRS-18 x IL16LCSDH-06-T-2661-228,57.7,87.8,133.9,36.3,1.2,0,0,393,100
12,32,12 x 32,32 x 12,524.3,2020-5376 x 18MSFRS-18,18MSFRS-18 x 2020-5376,58.3,87.7,132.5,36.4,1.1,0,1,67,102
14,36,14 x 36,36 x 14,522.9,2020-2010 x 16-36752,16-36752 x 2020-2010,57.9,87.7,132.1,36.6,1.3,0,1,85,102
5,14,5 x 14,14 x 5,522.8,IL16LCSDH-08-T-2663-21 x 2020-2010,2020-2010 x IL16LCSDH-08-T-2663-21,58.4,87.7,132.3,37,1.3,0,1,86,102
31,36,31 x 36,36 x 31,522.5,US16-IL-063-063 x 16-36752,16-36752 x US16-IL-063-063,58.1,87.7,131.8,35.9,1.5,0,1,88,102
5,31,5 x 31,31 x 5,521.2,IL16LCSDH-08-T-2663-21 x US16-IL-063-063,US16-IL-063-063 x IL16LCSDH-08-T-2663-21,58.5,87.7,132,36.3,1.5,0,1,106,102
1,7,1 x 7,7 x 1,519.1,IL16LCSDH-09-T-2664-28 x IL16LCSDH-06-T-2661-228,IL16LCSDH-06-T-2661-228 x IL16LCSDH-09-T-2664-28,58.3,87.7,133.5,36.1,1.1,0,1,125,101
3,15,3 x 15,15 x 3,517,IL16LCSDH-09-T-2664-20 x 2020-1956,2020-1956 x IL16LCSDH-09-T-2664-20,58.2,87.7,133.7,36.7,1.2,0,1,141,101
4,15,4 x 15,15 x 4,515.6,IL16LCSDH-08-T-2663-55 x 2020-1956,2020-1956 x IL16LCSDH-08-T-2663-55,58.2,87.7,133.2,37.7,1.4,0,1,151,101
15,17,15 x 17,17 x 15,500,2020-1956 x 2020-16738,2020-16738 x 2020-1956,56.9,87.7,132.9,36.8,1.3,0,0,575,98
6,7,6 x 7,7 x 6,492,IL16LCSDH-07-T-2662-202 x IL16LCSDH-06-T-2661-228,IL16LCSDH-06-T-2661-228 x IL16LCSDH-07-T-2662-202,57,87.7,133.7,36,1.7,0,0,630,96
1,12,1 x 12,12 x 1,527.3,IL16LCSDH-09-T-2664-28 x 2020-5376,2020-5376 x IL16LCSDH-09-T-2664-28,58.9,87.6,132.2,36.3,1,0,1,29,103
10,32,10 x 32,32 x 10,522.7,2020-6205 x 18MSFRS-18,18MSFRS-18 x 2020-6205,58.6,87.6,133,37.2,1,0,0,203,102
26,32,26 x 32,32 x 26,521.5,19-16136 x 18MSFRS-18,18MSFRS-18 x 19-16136,58.3,87.6,133.6,36.6,0.9,0,0,216,102
12,16,12 x 16,16 x 12,514.9,2020-5376 x 2020-16758,2020-16758 x 2020-5376,57.4,87.6,131.9,36.4,1.2,0,0,335,101
6,12,6 x 12,12 x 6,511.2,IL16LCSDH-07-T-2662-202 x 2020-5376,2020-5376 x IL16LCSDH-07-T-2662-202,57.7,87.6,132.3,36.1,1.6,0,0,389,100
32,35,32 x 35,35 x 32,505.9,18MSFRS-18 x 17-23874,17-23874 x 18MSFRS-18,58.2,87.6,134.4,37.1,1.6,0,0,488,99
7,16,7 x 16,16 x 7,495.6,IL16LCSDH-06-T-2661-228 x 2020-16758,2020-16758 x IL16LCSDH-06-T-2661-228,56.8,87.6,133.2,36.2,1.3,0,0,613,97
1,10,1 x 10,10 x 1,525.7,IL16LCSDH-09-T-2664-28 x 2020-6205,2020-6205 x IL16LCSDH-09-T-2664-28,59.2,87.5,132.6,37.1,0.9,0,1,47,103
1,26,1 x 26,26 x 1,524.5,IL16LCSDH-09-T-2664-28 x 19-16136,19-16136 x IL16LCSDH-09-T-2664-28,58.8,87.5,133.3,36.5,0.8,0,1,63,102
2,7,2 x 7,7 x 2,516.8,IL16LCSDH-09-T-2664-23 x IL16LCSDH-06-T-2661-228,IL16LCSDH-06-T-2661-228 x IL16LCSDH-09-T-2664-23,58.2,87.5,133.7,36.2,1.1,0,1,144,101
6,10,6 x 10,10 x 6,514.1,IL16LCSDH-07-T-2662-202 x 2020-6205,2020-6205 x IL16LCSDH-07-T-2662-202,57.9,87.5,132.8,37,1.5,0,0,343,100
1,35,1 x 35,35 x 1,508.9,IL16LCSDH-09-T-2664-28 x 17-23874,17-23874 x IL16LCSDH-09-T-2664-28,58.8,87.5,134,37,1.5,0,0,439,99
6,26,6 x 26,26 x 6,506.9,IL16LCSDH-07-T-2662-202 x 19-16136,19-16136 x IL16LCSDH-07-T-2662-202,57.6,87.5,133.4,36.4,1.3,0,0,476,99
6,35,6 x 35,35 x 6,490.1,IL16LCSDH-07-T-2662-202 x 17-23874,17-23874 x IL16LCSDH-07-T-2662-202,57.5,87.5,134.2,36.8,2,0,0,642,96
2,12,2 x 12,12 x 2,525,IL16LCSDH-09-T-2664-23 x 2020-5376,2020-5376 x IL16LCSDH-09-T-2664-23,58.8,87.4,132.3,36.3,1,0,1,54,102
23,36,23 x 36,36 x 23,523.7,19-21848 x 16-36752,16-36752 x 19-21848,58.1,87.4,131.9,36.6,1.2,0,1,73,102
9,32,9 x 32,32 x 9,521.5,IL16LCSDH-01-T-863-58 x 18MSFRS-18,18MSFRS-18 x IL16LCSDH-01-T-863-58,59.3,87.4,133.7,36.5,0.8,0,0,217,102
24,32,24 x 32,32 x 24,520.6,19-20348 x 18MSFRS-18,18MSFRS-18 x 19-20348,58.4,87.4,133,36.4,1.1,0,0,233,102
10,16,10 x 16,16 x 10,517.8,2020-6205 x 2020-16758,2020-16758 x 2020-6205,57.6,87.4,132.4,37.2,1.1,0,0,284,101
7,18,7 x 18,18 x 7,510.7,IL16LCSDH-06-T-2661-228 x 2020-15256,2020-15256 x IL16LCSDH-06-T-2661-228,57.5,87.4,132.4,36.8,1.3,0,0,400,100
16,26,16 x 26,26 x 16,510.6,2020-16758 x 19-16136,19-16136 x 2020-16758,57.3,87.4,133,36.6,1,0,0,403,100
16,35,16 x 35,35 x 16,493.8,2020-16758 x 17-23874,17-23874 x 2020-16758,57.2,87.4,133.8,37.1,1.6,0,0,623,96
12,18,12 x 18,18 x 12,528.4,2020-5376 x 2020-15256,2020-15256 x 2020-5376,58.1,87.3,131.1,36.9,1.2,0,1,24,103
1,24,1 x 24,24 x 1,523.6,IL16LCSDH-09-T-2664-28 x 19-20348,19-20348 x IL16LCSDH-09-T-2664-28,59,87.3,132.6,36.3,1,0,1,75,102
5,23,5 x 23,23 x 5,522.4,IL16LCSDH-08-T-2663-21 x 19-21848,19-21848 x IL16LCSDH-08-T-2663-21,58.6,87.3,132.1,37,1.3,0,1,89,102
2,26,2 x 26,26 x 2,522.2,IL16LCSDH-09-T-2664-23 x 19-16136,19-16136 x IL16LCSDH-09-T-2664-23,58.7,87.3,133.5,36.6,0.8,0,1,92,102
3,7,3 x 7,7 x 3,515.6,IL16LCSDH-09-T-2664-20 x IL16LCSDH-06-T-2661-228,IL16LCSDH-06-T-2661-228 x IL16LCSDH-09-T-2664-20,58.2,87.3,133.6,36,1.2,0,1,152,101
6,9,6 x 9,9 x 6,514.4,IL16LCSDH-07-T-2662-202 x IL16LCSDH-01-T-863-58,IL16LCSDH-01-T-863-58 x IL16LCSDH-07-T-2662-202,58.6,87.3,133.5,36.2,1.2,0,1,166,100
4,7,4 x 7,7 x 4,514.2,IL16LCSDH-08-T-2663-55 x IL16LCSDH-06-T-2661-228,IL16LCSDH-06-T-2661-228 x IL16LCSDH-08-T-2663-55,58.1,87.3,133.1,37,1.4,0,1,167,100
12,17,12 x 17,17 x 12,517.1,2020-5376 x 2020-16738,2020-16738 x 2020-5376,57.5,87.3,131.4,36.3,1.2,0,0,297,101
6,24,6 x 24,24 x 6,509.3,IL16LCSDH-07-T-2662-202 x 19-20348,19-20348 x IL16LCSDH-07-T-2662-202,57.8,87.3,132.8,36.1,1.5,0,0,434,99
2,35,2 x 35,35 x 2,506.7,IL16LCSDH-09-T-2664-23 x 17-23874,17-23874 x IL16LCSDH-09-T-2664-23,58.6,87.3,134.2,37,1.5,0,0,479,99
7,17,7 x 17,17 x 7,497.8,IL16LCSDH-06-T-2661-228 x 2020-16738,2020-16738 x IL16LCSDH-06-T-2661-228,56.9,87.3,132.8,36.2,1.3,0,0,592,97
10,18,10 x 18,18 x 10,526.8,2020-6205 x 2020-15256,2020-15256 x 2020-6205,58.3,87.2,131.5,37.7,1.1,0,1,35,103
18,26,18 x 26,26 x 18,525.6,2020-15256 x 19-16136,19-16136 x 2020-15256,58,87.2,132.2,37.1,1,0,1,50,103
1,9,1 x 9,9 x 1,524.5,IL16LCSDH-09-T-2664-28 x IL16LCSDH-01-T-863-58,IL16LCSDH-01-T-863-58 x IL16LCSDH-09-T-2664-28,59.9,87.2,133.3,36.3,0.7,0,1,64,102
2,10,2 x 10,10 x 2,523.4,IL16LCSDH-09-T-2664-23 x 2020-6205,2020-6205 x IL16LCSDH-09-T-2664-23,59,87.2,132.8,37.2,0.9,0,1,79,102
33,36,33 x 36,36 x 33,520.8,18-14535 x 16-36752,16-36752 x 18-14535,58.1,87.2,132.1,36.5,1.3,0,1,110,102
5,33,5 x 33,33 x 5,519.4,IL16LCSDH-08-T-2663-21 x 18-14535,18-14535 x IL16LCSDH-08-T-2663-21,58.6,87.2,132.3,36.9,1.3,0,1,121,101
25,36,25 x 36,36 x 25,515.3,19-18153 x 16-36752,16-36752 x 19-18153,58.4,87.2,132.8,36.9,1.4,0,1,156,101
5,25,5 x 25,25 x 5,514,IL16LCSDH-08-T-2663-21 x 19-18153,19-18153 x IL16LCSDH-08-T-2663-21,58.9,87.2,133,37.2,1.4,0,1,171,100
3,12,3 x 12,12 x 3,523.7,IL16LCSDH-09-T-2664-20 x 2020-5376,2020-5376 x IL16LCSDH-09-T-2664-20,58.8,87.2,132.2,36.2,1.1,0,0,188,102
9,16,9 x 16,16 x 9,522.7,IL16LCSDH-01-T-863-58 x 2020-16758,2020-16758 x IL16LCSDH-01-T-863-58,58.4,87.2,133.1,36.4,0.9,0,0,202,102
4,12,4 x 12,12 x 4,522.4,IL16LCSDH-08-T-2663-55 x 2020-5376,2020-5376 x IL16LCSDH-08-T-2663-55,58.7,87.2,131.7,37.1,1.3,0,0,204,102
11,32,11 x 32,32 x 11,519.8,2020-6148 x 18MSFRS-18,18MSFRS-18 x 2020-6148,58.6,87.2,133.3,37.9,1,0,0,245,101
16,24,16 x 24,24 x 16,513,2020-16758 x 19-20348,19-20348 x 2020-16758,57.5,87.2,132.3,36.4,1.2,0,0,360,100
6,11,6 x 11,11 x 6,512.2,IL16LCSDH-07-T-2662-202 x 2020-6148,2020-6148 x IL16LCSDH-07-T-2662-202,58,87.2,133.1,37.7,1.4,0,0,371,100
18,35,18 x 35,35 x 18,508.9,2020-15256 x 17-23874,17-23874 x 2020-15256,57.9,87.2,133,37.6,1.6,0,0,441,99
7,15,7 x 15,15 x 7,487.9,IL16LCSDH-06-T-2661-228 x 2020-1956,2020-1956 x IL16LCSDH-06-T-2661-228,56.6,87.2,133.6,36.6,1.4,0,0,649,95
27,32,27 x 32,32 x 27,531.1,19-14856 x 18MSFRS-18,18MSFRS-18 x 19-14856,58.5,87.1,131.7,36.6,0.8,0,1,9,104
2,24,2 x 24,24 x 2,521.3,IL16LCSDH-09-T-2664-23 x 19-20348,19-20348 x IL16LCSDH-09-T-2664-23,58.9,87.1,132.8,36.3,1,0,1,103,102
1,11,1 x 11,11 x 1,522.9,IL16LCSDH-09-T-2664-28 x 2020-6148,2020-6148 x IL16LCSDH-09-T-2664-28,59.2,87.1,132.9,37.8,0.9,0,0,199,102
3,10,3 x 10,10 x 3,522.2,IL16LCSDH-09-T-2664-20 x 2020-6205,2020-6205 x IL16LCSDH-09-T-2664-20,59.1,87.1,132.7,37,1,0,0,209,102
3,26,3 x 26,26 x 3,521,IL16LCSDH-09-T-2664-20 x 19-16136,19-16136 x IL16LCSDH-09-T-2664-20,58.7,87.1,133.3,36.4,0.9,0,0,224,102
4,10,4 x 10,10 x 4,520.8,IL16LCSDH-08-T-2663-55 x 2020-6205,2020-6205 x IL16LCSDH-08-T-2663-55,59,87.1,132.2,38,1.2,0,0,227,102
10,17,10 x 17,17 x 10,519.9,2020-6205 x 2020-16738,2020-16738 x 2020-6205,57.7,87.1,131.9,37.1,1.1,0,0,243,101
4,26,4 x 26,26 x 4,519.6,IL16LCSDH-08-T-2663-55 x 19-16136,19-16136 x IL16LCSDH-08-T-2663-55,58.6,87.1,132.9,37.4,1.1,0,0,251,101
11,16,11 x 16,16 x 11,515.8,2020-6148 x 2020-16758,2020-16758 x 2020-6148,57.7,87.1,132.6,37.9,1.1,0,0,316,101
17,26,17 x 26,26 x 17,512.7,2020-16738 x 19-16136,19-16136 x 2020-16738,57.4,87.1,132.5,36.6,1,0,0,363,100
32,34,32 x 34,34 x 32,512.2,18MSFRS-18 x 17-23904,17-23904 x 18MSFRS-18,58.6,87.1,133,36.6,1.5,0,0,369,100
12,15,12 x 15,15 x 12,507.1,2020-5376 x 2020-1956,2020-1956 x 2020-5376,57.3,87.1,132.3,36.7,1.3,0,0,473,99
3,35,3 x 35,35 x 3,505.4,IL16LCSDH-09-T-2664-20 x 17-23874,17-23874 x IL16LCSDH-09-T-2664-20,58.7,87.1,134.1,36.9,1.5,0,0,498,99
4,35,4 x 35,35 x 4,504.1,IL16LCSDH-08-T-2663-55 x 17-23874,17-23874 x IL16LCSDH-08-T-2663-55,58.6,87.1,133.6,37.8,1.7,0,0,522,98
17,35,17 x 35,35 x 17,496,2020-16738 x 17-23874,17-23874 x 2020-16738,57.3,87.1,133.3,37,1.7,0,0,611,97
1,27,1 x 27,27 x 1,534.1,IL16LCSDH-09-T-2664-28 x 19-14856,19-14856 x IL16LCSDH-09-T-2664-28,59.1,87,131.3,36.4,0.7,0,1,4,104
18,24,18 x 24,24 x 18,524.7,2020-15256 x 19-20348,19-20348 x 2020-15256,58.2,87,131.5,36.9,1.2,0,1,60,102
6,27,6 x 27,27 x 6,521.1,IL16LCSDH-07-T-2662-202 x 19-14856,19-14856 x IL16LCSDH-07-T-2662-202,57.8,87,131.5,36.3,1.3,0,1,107,102
13,32,13 x 32,32 x 13,519.2,2020-2334 x 18MSFRS-18,18MSFRS-18 x 2020-2334,58.1,87,132.6,37.1,1.2,0,1,124,101
1,34,1 x 34,34 x 1,515.2,IL16LCSDH-09-T-2664-28 x 17-23904,17-23904 x IL16LCSDH-09-T-2664-28,59.2,87,132.6,36.5,1.4,0,1,158,101
2,9,2 x 9,9 x 2,522.2,IL16LCSDH-09-T-2664-23 x IL16LCSDH-01-T-863-58,IL16LCSDH-01-T-863-58 x IL16LCSDH-09-T-2664-23,59.7,87,133.5,36.4,0.7,0,0,206,102
16,34,16 x 34,34 x 16,507.4,2020-16758 x 17-23904,17-23904 x 2020-16758,57.6,87,132.4,36.6,1.6,0,0,467,99
6,34,6 x 34,34 x 6,503.7,IL16LCSDH-07-T-2662-202 x 17-23904,17-23904 x IL16LCSDH-07-T-2662-202,57.9,87,132.8,36.4,1.9,0,0,528,98
9,18,9 x 18,18 x 9,525.6,IL16LCSDH-01-T-863-58 x 2020-15256,2020-15256 x IL16LCSDH-01-T-863-58,59,86.9,132.3,37,0.9,0,1,49,103
16,27,16 x 27,27 x 16,524.8,2020-16758 x 19-14856,19-14856 x 2020-16758,57.6,86.9,131,36.5,0.9,0,1,58,102
9,17,9 x 17,17 x 9,523.1,IL16LCSDH-01-T-863-58 x 2020-16738,2020-16738 x IL16LCSDH-01-T-863-58,58.5,86.9,132.6,36.4,0.9,0,1,84,102
1,13,1 x 13,13 x 1,522.2,IL16LCSDH-09-T-2664-28 x 2020-2334,2020-2334 x IL16LCSDH-09-T-2664-28,58.7,86.9,132.2,36.9,1.1,0,1,93,102
3,9,3 x 9,9 x 3,520.9,IL16LCSDH-09-T-2664-20 x IL16LCSDH-01-T-863-58,IL16LCSDH-01-T-863-58 x IL16LCSDH-09-T-2664-20,59.8,86.9,133.4,36.2,0.8,0,0,225,102
2,11,2 x 11,11 x 2,520.6,IL16LCSDH-09-T-2664-23 x 2020-6148,2020-6148 x IL16LCSDH-09-T-2664-23,59.1,86.9,133.1,37.9,0.9,0,0,232,102
3,24,3 x 24,24 x 3,520,IL16LCSDH-09-T-2664-20 x 19-20348,19-20348 x IL16LCSDH-09-T-2664-20,58.9,86.9,132.7,36.2,1.1,0,0,240,102
4,24,4 x 24,24 x 4,518.7,IL16LCSDH-08-T-2663-55 x 19-20348,19-20348 x IL16LCSDH-08-T-2663-55,58.8,86.9,132.2,37.1,1.3,0,0,264,101
17,24,17 x 24,24 x 17,515.1,2020-16738 x 19-20348,19-20348 x 2020-16738,57.6,86.9,131.9,36.3,1.2,0,0,331,101
10,15,10 x 15,15 x 10,509.9,2020-6205 x 2020-1956,2020-1956 x 2020-6205,57.5,86.9,132.7,37.5,1.2,0,0,422,100
15,26,15 x 26,26 x 15,502.7,2020-1956 x 19-16136,19-16136 x 2020-1956,57.2,86.9,133.4,37,1,0,0,543,98
6,13,6 x 13,13 x 6,502.5,IL16LCSDH-07-T-2662-202 x 2020-2334,2020-2334 x IL16LCSDH-07-T-2662-202,57.4,86.9,132.4,36.8,1.6,0,0,545,98
15,35,15 x 35,35 x 15,486,2020-1956 x 17-23874,17-23874 x 2020-1956,57.1,86.9,134.1,37.4,1.7,0,0,655,95
2,27,2 x 27,27 x 2,531.8,IL16LCSDH-09-T-2664-23 x 19-14856,19-14856 x IL16LCSDH-09-T-2664-23,59,86.8,131.5,36.5,0.7,0,1,7,104
2,34,2 x 34,34 x 2,513,IL16LCSDH-09-T-2664-23 x 17-23904,17-23904 x IL16LCSDH-09-T-2664-23,59,86.8,132.8,36.5,1.4,0,1,175,100
11,18,11 x 18,18 x 11,524,2020-6148 x 2020-15256,2020-15256 x 2020-6148,58.4,86.8,131.8,38.4,1.1,0,0,187,102
4,9,4 x 9,9 x 4,519.6,IL16LCSDH-08-T-2663-55 x IL16LCSDH-01-T-863-58,IL16LCSDH-01-T-863-58 x IL16LCSDH-08-T-2663-55,59.7,86.8,132.9,37.2,1,0,0,252,101
3,11,3 x 11,11 x 3,519.3,IL16LCSDH-09-T-2664-20 x 2020-6148,2020-6148 x IL16LCSDH-09-T-2664-20,59.1,86.8,133,37.7,1,0,0,255,101
11,17,11 x 17,17 x 11,517.9,2020-6148 x 2020-16738,2020-16738 x 2020-6148,57.8,86.8,132.2,37.9,1.1,0,0,278,101
19,32,19 x 32,32 x 19,517.3,2020-14116 x 18MSFRS-18,18MSFRS-18 x 2020-14116,58.4,86.8,133.4,36.9,1,0,0,292,101
22,32,22 x 32,32 x 22,515,19-6637 x 18MSFRS-18,18MSFRS-18 x 19-6637,59.1,86.8,133.3,36.4,1.1,0,0,332,101
13,16,13 x 16,16 x 13,506.2,2020-2334 x 2020-16758,2020-16758 x 2020-2334,57.2,86.8,132,37,1.2,0,0,483,99
15,24,15 x 24,24 x 15,505.1,2020-1956 x 19-20348,19-20348 x 2020-1956,57.4,86.8,132.7,36.7,1.2,0,0,504,99
18,27,18 x 27,27 x 18,535.2,2020-15256 x 19-14856,19-14856 x 2020-15256,58.3,86.7,130.2,37.1,0.9,0,1,1,104
17,27,17 x 27,27 x 17,526.9,2020-16738 x 19-14856,19-14856 x 2020-16738,57.7,86.7,130.6,36.5,0.9,0,1,33,103
20,32,20 x 32,32 x 20,525.4,2020-13902 x 18MSFRS-18,18MSFRS-18 x 2020-13902,58.4,86.7,132.6,36.8,0.7,0,1,51,103
2,13,2 x 13,13 x 2,520,IL16LCSDH-09-T-2664-23 x 2020-2334,2020-2334 x IL16LCSDH-09-T-2664-23,58.6,86.7,132.4,37,1.1,0,1,118,102
1,22,1 x 22,22 x 1,518,IL16LCSDH-09-T-2664-28 x 19-6637,19-6637 x IL16LCSDH-09-T-2664-28,59.7,86.7,132.9,36.2,1,0,1,134,101
9,15,9 x 15,15 x 9,516.9,IL16LCSDH-01-T-863-58 x 2020-1956,2020-1956 x IL16LCSDH-01-T-863-58,58.2,86.7,133.4,36.8,0.9,0,1,143,101
18,34,18 x 34,34 x 18,516.4,2020-15256 x 17-23904,17-23904 x 2020-15256,58.3,86.7,131.6,37.1,1.6,0,1,148,101
14,32,14 x 32,32 x 14,520.7,2020-2010 x 18MSFRS-18,18MSFRS-18 x 2020-2010,58.3,86.7,132.7,36.2,0.9,0,0,231,102
4,11,4 x 11,11 x 4,518,IL16LCSDH-08-T-2663-55 x 2020-6148,2020-6148 x IL16LCSDH-08-T-2663-55,59,86.7,132.5,38.7,1.2,0,0,276,101
3,34,3 x 34,34 x 3,511.7,IL16LCSDH-09-T-2664-20 x 17-23904,17-23904 x IL16LCSDH-09-T-2664-20,59.1,86.7,132.7,36.4,1.5,0,0,380,100
17,34,17 x 34,34 x 17,509.5,2020-16738 x 17-23904,17-23904 x 2020-16738,57.7,86.7,131.9,36.5,1.6,0,0,429,99
6,22,6 x 22,22 x 6,507.9,IL16LCSDH-07-T-2662-202 x 19-6637,19-6637 x IL16LCSDH-07-T-2662-202,58.4,86.7,133.1,36.1,1.6,0,0,454,99
6,19,6 x 19,19 x 6,505.2,IL16LCSDH-07-T-2662-202 x 2020-14116,2020-14116 x IL16LCSDH-07-T-2662-202,57.7,86.7,133.2,36.7,1.4,0,0,502,99
7,12,7 x 12,12 x 7,504.9,IL16LCSDH-06-T-2661-228 x 2020-5376,2020-5376 x IL16LCSDH-06-T-2661-228,57.2,86.7,132.1,36.1,1.3,0,0,509,99
3,27,3 x 27,27 x 3,530.5,IL16LCSDH-09-T-2664-20 x 19-14856,19-14856 x IL16LCSDH-09-T-2664-20,59,86.6,131.4,36.3,0.8,0,1,10,104
4,27,4 x 27,27 x 4,529.2,IL16LCSDH-08-T-2663-55 x 19-14856,19-14856 x IL16LCSDH-08-T-2663-55,58.9,86.6,130.9,37.3,1,0,1,18,103
1,20,1 x 20,20 x 1,528.4,IL16LCSDH-09-T-2664-28 x 2020-13902,2020-13902 x IL16LCSDH-09-T-2664-28,59,86.6,132.3,36.6,0.6,0,1,23,103
13,18,13 x 18,18 x 13,521.1,2020-2334 x 2020-15256,2020-15256 x 2020-2334,57.9,86.6,131.2,37.6,1.2,0,1,108,102
1,19,1 x 19,19 x 1,520.3,IL16LCSDH-09-T-2664-28 x 2020-14116,2020-14116 x IL16LCSDH-09-T-2664-28,59,86.6,133,36.8,0.9,0,1,116,102
31,32,31 x 32,32 x 31,519.1,US16-IL-063-063 x 18MSFRS-18,18MSFRS-18 x US16-IL-063-063,58.4,86.6,132.4,35.5,1.1,0,0,260,101
16,20,16 x 20,20 x 16,517.1,2020-16758 x 2020-13902,2020-13902 x 2020-16758,57.4,86.6,132,36.8,0.8,0,0,296,101
16,22,16 x 22,22 x 16,516.2,2020-16758 x 19-6637,19-6637 x 2020-16758,58.1,86.6,132.6,36.3,1.2,0,0,311,101
6,20,6 x 20,20 x 6,513.5,IL16LCSDH-07-T-2662-202 x 2020-13902,2020-13902 x IL16LCSDH-07-T-2662-202,57.7,86.6,132.4,36.5,1.2,0,0,352,100
21,36,21 x 36,36 x 21,512.1,19-6704 x 16-36752,16-36752 x 19-6704,57.5,86.6,131.9,37.4,1.2,0,0,373,100
4,34,4 x 34,34 x 4,510.4,IL16LCSDH-08-T-2663-55 x 17-23904,17-23904 x IL16LCSDH-08-T-2663-55,59,86.6,132.2,37.4,1.7,0,0,406,100
16,19,16 x 19,19 x 16,508.8,2020-16758 x 2020-14116,2020-14116 x 2020-16758,57.4,86.6,132.7,36.9,1,0,0,443,99
11,15,11 x 15,15 x 11,507.9,2020-6148 x 2020-1956,2020-1956 x 2020-6148,57.6,86.6,133,38.2,1.1,0,0,453,99
6,14,6 x 14,14 x 6,507.5,IL16LCSDH-07-T-2662-202 x 2020-2010,2020-2010 x IL16LCSDH-07-T-2662-202,57.6,86.6,132.5,35.9,1.4,0,0,465,99
7,35,7 x 35,35 x 7,483.9,IL16LCSDH-06-T-2661-228 x 17-23874,17-23874 x IL16LCSDH-06-T-2661-228,57.1,86.6,133.9,36.8,1.7,0,0,658,94
10,12,10 x 12,12 x 10,524.8,2020-6205 x 2020-5376,2020-5376 x 2020-6205,58.1,86.5,131.2,37,1.1,0,1,57,102
1,14,1 x 14,14 x 1,523.7,IL16LCSDH-09-T-2664-28 x 2020-2010,2020-2010 x IL16LCSDH-09-T-2664-28,58.9,86.5,132.3,36,0.8,0,1,74,102
1,31,1 x 31,31 x 1,522.1,IL16LCSDH-09-T-2664-28 x US16-IL-063-063,US16-IL-063-063 x IL16LCSDH-09-T-2664-28,59,86.5,132.1,35.3,1,0,1,95,102
3,13,3 x 13,13 x 3,518.7,IL16LCSDH-09-T-2664-20 x 2020-2334,2020-2334 x IL16LCSDH-09-T-2664-20,58.6,86.5,132.3,36.8,1.1,0,1,127,101
15,27,15 x 27,27 x 15,516.9,2020-1956 x 19-14856,19-14856 x 2020-1956,57.4,86.5,131.4,36.9,1,0,1,142,101
12,26,12 x 26,26 x 12,519.6,2020-5376 x 19-16136,19-16136 x 2020-5376,57.8,86.5,131.9,36.4,1,0,0,249,101
5,21,5 x 21,21 x 5,518.9,IL16LCSDH-08-T-2663-21 x 19-6704,19-6704 x IL16LCSDH-08-T-2663-21,58,86.5,132.1,37.8,1.2,0,0,262,101
4,13,4 x 13,13 x 4,517.4,IL16LCSDH-08-T-2663-55 x 2020-2334,2020-2334 x IL16LCSDH-08-T-2663-55,58.5,86.5,131.8,37.8,1.3,0,0,289,101
2,22,2 x 22,22 x 2,515.7,IL16LCSDH-09-T-2664-23 x 19-6637,19-6637 x IL16LCSDH-09-T-2664-23,59.5,86.5,133.1,36.3,1,0,0,317,101
16,31,16 x 31,31 x 16,511.7,2020-16758 x US16-IL-063-063,US16-IL-063-063 x 2020-16758,57.5,86.5,131.8,35.4,1.2,0,0,379,100
14,16,14 x 16,16 x 14,511.1,2020-2010 x 2020-16758,2020-16758 x 2020-2010,57.4,86.5,132.1,36.1,1,0,0,390,100
13,17,13 x 17,17 x 13,508.3,2020-2334 x 2020-16738,2020-16738 x 2020-2334,57.3,86.5,131.5,37,1.3,0,0,448,99
6,31,6 x 31,31 x 6,508.1,IL16LCSDH-07-T-2662-202 x US16-IL-063-063,US16-IL-063-063 x IL16LCSDH-07-T-2662-202,57.8,86.5,132.2,35.2,1.6,0,0,450,99
7,10,7 x 10,10 x 7,507.7,IL16LCSDH-06-T-2661-228 x 2020-6205,2020-6205 x IL16LCSDH-06-T-2661-228,57.5,86.5,132.5,36.9,1.2,0,0,461,99
12,35,12 x 35,35 x 12,503,2020-5376 x 17-23874,17-23874 x 2020-5376,57.7,86.5,132.6,36.9,1.6,0,0,539,98
7,26,7 x 26,26 x 7,500.5,IL16LCSDH-06-T-2661-228 x 19-16136,19-16136 x IL16LCSDH-06-T-2661-228,57.1,86.5,133.2,36.3,1.1,0,0,568,98
15,34,15 x 34,34 x 15,499.5,2020-1956 x 17-23904,17-23904 x 2020-1956,57.5,86.5,132.7,36.9,1.6,0,0,577,98
2,20,2 x 20,20 x 2,526.1,IL16LCSDH-09-T-2664-23 x 2020-13902,2020-13902 x IL16LCSDH-09-T-2664-23,58.8,86.4,132.4,36.7,0.6,0,1,41,103
18,19,18 x 19,19 x 18,521.4,2020-15256 x 2020-14116,2020-14116 x 2020-15256,58.1,86.4,131.9,37.4,1,0,1,101,102
18,22,18 x 22,22 x 18,519.1,2020-15256 x 19-6637,19-6637 x 2020-15256,58.8,86.4,131.8,36.9,1.2,0,1,126,101
2,19,2 x 19,19 x 2,518,IL16LCSDH-09-T-2664-23 x 2020-14116,2020-14116 x IL16LCSDH-09-T-2664-23,58.8,86.4,133.2,36.9,0.9,0,1,132,101
7,24,7 x 24,24 x 7,503,IL16LCSDH-06-T-2661-228 x 19-20348,19-20348 x IL16LCSDH-06-T-2661-228,57.3,86.4,132.5,36.1,1.3,0,0,541,98
5,8,5 x 8,8 x 5,499.4,IL16LCSDH-08-T-2663-21 x IL16LCSDH-06-T-2661-17,IL16LCSDH-06-T-2661-17 x IL16LCSDH-08-T-2663-21,58.3,86.4,133.8,37.4,1.7,0,0,581,97
8,36,8 x 36,36 x 8,497.4,IL16LCSDH-06-T-2661-17 x 16-36752,16-36752 x IL16LCSDH-06-T-2661-17,57.8,86.4,133.7,37.1,1.7,0,0,596,97
18,20,18 x 20,20 x 18,529.5,2020-15256 x 2020-13902,2020-13902 x 2020-15256,58.1,86.3,131.2,37.3,0.8,0,1,12,103
14,18,14 x 18,18 x 14,524.8,2020-2010 x 2020-15256,2020-15256 x 2020-2010,58.1,86.3,131.3,36.6,1,0,1,59,102
12,24,12 x 24,24 x 12,522.1,2020-5376 x 19-20348,19-20348 x 2020-5376,58,86.3,131.2,36.2,1.2,0,1,96,102
10,26,10 x 26,26 x 10,522,2020-6205 x 19-16136,19-16136 x 2020-6205,58,86.3,132.3,37.3,0.9,0,1,98,102
2,14,2 x 14,14 x 2,521.4,IL16LCSDH-09-T-2664-23 x 2020-2010,2020-2010 x IL16LCSDH-09-T-2664-23,58.8,86.3,132.5,36.1,0.9,0,1,102,102
2,31,2 x 31,31 x 2,519.8,IL16LCSDH-09-T-2664-23 x US16-IL-063-063,US16-IL-063-063 x IL16LCSDH-09-T-2664-23,58.9,86.3,132.2,35.4,1,0,1,119,101
17,22,17 x 22,22 x 17,516.6,2020-16738 x 19-6637,19-6637 x 2020-16738,58.2,86.3,132.2,36.3,1.2,0,1,146,101
7,9,7 x 9,9 x 7,515.4,IL16LCSDH-06-T-2661-228 x IL16LCSDH-01-T-863-58,IL16LCSDH-01-T-863-58 x IL16LCSDH-06-T-2661-228,58.2,86.3,133.3,36.1,1,0,1,155,101
3,20,3 x 20,20 x 3,524.9,IL16LCSDH-09-T-2664-20 x 2020-13902,2020-13902 x IL16LCSDH-09-T-2664-20,58.9,86.3,132.3,36.5,0.7,0,0,183,102
23,32,23 x 32,32 x 23,520.3,19-21848 x 18MSFRS-18,18MSFRS-18 x 19-21848,58.5,86.3,132.5,36.1,0.9,0,0,235,102
17,20,17 x 20,20 x 17,519.2,2020-16738 x 2020-13902,2020-13902 x 2020-16738,57.5,86.3,131.5,36.7,0.8,0,0,256,101
3,19,3 x 19,19 x 3,516.7,IL16LCSDH-09-T-2664-20 x 2020-14116,2020-14116 x IL16LCSDH-09-T-2664-20,58.9,86.3,133.1,36.7,0.9,0,0,303,101
3,22,3 x 22,22 x 3,514.4,IL16LCSDH-09-T-2664-20 x 19-6637,19-6637 x IL16LCSDH-09-T-2664-20,59.6,86.3,133,36.1,1.1,0,0,336,100
4,22,4 x 22,22 x 4,513.1,IL16LCSDH-08-T-2663-55 x 19-6637,19-6637 x IL16LCSDH-08-T-2663-55,59.5,86.3,132.5,37.1,1.3,0,0,357,100
17,19,17 x 19,19 x 17,510.9,2020-16738 x 2020-14116,2020-14116 x 2020-16738,57.5,86.3,132.3,36.9,1.1,0,0,394,100
10,35,10 x 35,35 x 10,505.8,2020-6205 x 17-23874,17-23874 x 2020-6205,58,86.3,133.1,37.7,1.5,0,0,489,99
26,35,26 x 35,35 x 26,498.7,19-16136 x 17-23874,17-23874 x 19-16136,57.6,86.3,133.7,37.1,1.4,0,0,588,97
13,15,13 x 15,15 x 13,498.4,2020-2334 x 2020-1956,2020-1956 x 2020-2334,57.1,86.3,132.3,37.4,1.3,0,0,589,97
9,12,9 x 12,12 x 9,523.6,IL16LCSDH-01-T-863-58 x 2020-5376,2020-5376 x IL16LCSDH-01-T-863-58,58.8,86.2,131.9,36.3,0.9,0,1,77,102
1,23,1 x 23,23 x 1,523.3,IL16LCSDH-09-T-2664-28 x 19-21848,19-21848 x IL16LCSDH-09-T-2664-28,59.1,86.2,132.1,36,0.8,0,1,81,102
18,31,18 x 31,31 x 18,523.2,2020-15256 x US16-IL-063-063,US16-IL-063-063 x 2020-15256,58.2,86.2,131,36,1.2,0,1,83,102
4,20,4 x 20,20 x 4,523.6,IL16LCSDH-08-T-2663-55 x 2020-13902,2020-13902 x IL16LCSDH-08-T-2663-55,58.8,86.2,131.8,37.5,0.9,0,0,190,102
3,14,3 x 14,14 x 3,520.1,IL16LCSDH-09-T-2664-20 x 2020-2010,2020-2010 x IL16LCSDH-09-T-2664-20,58.8,86.2,132.4,35.9,0.9,0,0,239,102
4,19,4 x 19,19 x 4,515.4,IL16LCSDH-08-T-2663-55 x 2020-14116,2020-14116 x IL16LCSDH-08-T-2663-55,58.8,86.2,132.6,37.7,1.1,0,0,324,101
17,31,17 x 31,31 x 17,513.8,2020-16738 x US16-IL-063-063,US16-IL-063-063 x 2020-16738,57.6,86.2,131.3,35.4,1.2,0,0,346,100
14,17,14 x 17,17 x 14,513.3,2020-2010 x 2020-16738,2020-16738 x 2020-2010,57.5,86.2,131.6,36.1,1,0,0,356,100
25,32,25 x 32,32 x 25,511.9,19-18153 x 18MSFRS-18,18MSFRS-18 x 19-18153,58.8,86.2,133.5,36.4,1,0,0,378,100
6,23,6 x 23,23 x 6,510.2,IL16LCSDH-07-T-2662-202 x 19-21848,19-21848 x IL16LCSDH-07-T-2662-202,57.8,86.2,132.3,35.9,1.3,0,0,413,100
7,11,7 x 11,11 x 7,505.8,IL16LCSDH-06-T-2661-228 x 2020-6148,2020-6148 x IL16LCSDH-06-T-2661-228,57.5,86.2,132.8,37.6,1.2,0,0,491,99
24,35,24 x 35,35 x 24,501.1,19-20348 x 17-23874,17-23874 x 19-20348,57.8,86.2,133.1,36.9,1.6,0,0,559,98
7,27,7 x 27,27 x 7,514.7,IL16LCSDH-06-T-2661-228 x 19-14856,19-14856 x IL16LCSDH-06-T-2661-228,57.4,86.1,131.2,36.3,1,0,1,162,100
11,12,11 x 12,12 x 11,522,2020-6148 x 2020-5376,2020-5376 x 2020-6148,58.2,86.1,131.5,37.7,1.1,0,0,211,102
9,10,9 x 10,10 x 9,522,IL16LCSDH-01-T-863-58 x 2020-6205,2020-6205 x IL16LCSDH-01-T-863-58,59.1,86.1,132.4,37.1,0.8,0,0,212,102
10,24,10 x 24,24 x 10,521.1,2020-6205 x 19-20348,19-20348 x 2020-6205,58.2,86.1,131.7,37,1.1,0,0,222,102
9,26,9 x 26,26 x 9,520.7,IL16LCSDH-01-T-863-58 x 19-16136,19-16136 x IL16LCSDH-01-T-863-58,58.7,86.1,133,36.5,0.6,0,0,230,102
4,14,4 x 14,14 x 4,518.8,IL16LCSDH-08-T-2663-55 x 2020-2010,2020-2010 x IL16LCSDH-08-T-2663-55,58.7,86.1,131.9,36.9,1.1,0,0,263,101
3,31,3 x 31,31 x 3,518.5,IL16LCSDH-09-T-2664-20 x US16-IL-063-063,US16-IL-063-063 x IL16LCSDH-09-T-2664-20,58.9,86.1,132.1,35.2,1.1,0,0,268,101
24,26,24 x 26,26 x 24,517.7,19-20348 x 19-16136,19-16136 x 19-20348,57.9,86.1,132.3,36.4,0.9,0,0,285,101
32,33,32 x 33,33 x 32,517.3,18MSFRS-18 x 18-14535,18-14535 x 18MSFRS-18,58.5,86.1,132.7,36.1,1,0,0,293,101
4,31,4 x 31,31 x 4,517.3,IL16LCSDH-08-T-2663-55 x US16-IL-063-063,US16-IL-063-063 x IL16LCSDH-08-T-2663-55,58.8,86.1,131.6,36.2,1.3,0,0,294,101
16,23,16 x 23,23 x 16,513.8,2020-16758 x 19-21848,19-21848 x 2020-16758,57.6,86.1,131.9,36.1,1,0,0,348,100
15,22,15 x 22,22 x 15,510.4,2020-1956 x 19-6637,19-6637 x 2020-1956,58,86.1,133,36.7,1.3,0,0,407,100
15,20,15 x 20,20 x 15,509.3,2020-1956 x 2020-13902,2020-13902 x 2020-1956,57.3,86.1,132.3,37.1,0.9,0,0,435,99
9,35,9 x 35,35 x 9,505.3,IL16LCSDH-01-T-863-58 x 17-23874,17-23874 x IL16LCSDH-01-T-863-58,58.7,86.1,133.8,36.9,1.3,0,0,499,99
6,25,6 x 25,25 x 6,504.9,IL16LCSDH-07-T-2662-202 x 19-18153,19-18153 x IL16LCSDH-07-T-2662-202,58.1,86.1,133.2,36.1,1.5,0,0,511,99
15,19,15 x 19,19 x 15,501,2020-1956 x 2020-14116,2020-14116 x 2020-1956,57.3,86.1,133.1,37.3,1.1,0,0,562,98
7,34,7 x 34,34 x 7,497.4,IL16LCSDH-06-T-2661-228 x 17-23904,17-23904 x IL16LCSDH-06-T-2661-228,57.5,86.1,132.5,36.3,1.6,0,0,597,97
12,27,12 x 27,27 x 12,533.2,2020-5376 x 19-14856,19-14856 x 2020-5376,58,86,129.9,36.4,0.9,0,1,6,104
1,33,1 x 33,33 x 1,520.3,IL16LCSDH-09-T-2664-28 x 18-14535,18-14535 x IL16LCSDH-09-T-2664-28,59.1,86,132.4,35.9,0.9,0,1,117,102
1,25,1 x 25,25 x 1,514.9,IL16LCSDH-09-T-2664-28 x 19-18153,19-18153 x IL16LCSDH-09-T-2664-28,59.4,86,133.1,36.3,1,0,1,161,101
12,34,12 x 34,34 x 12,514.4,2020-5376 x 17-23904,17-23904 x 2020-5376,58.1,86,131.2,36.4,1.6,0,1,164,100
10,11,10 x 11,11 x 10,520.4,2020-6205 x 2020-6148,2020-6148 x 2020-6205,58.4,86,131.9,38.5,1,0,0,234,102
11,26,11 x 26,26 x 11,519.1,2020-6148 x 19-16136,19-16136 x 2020-6148,58.1,86,132.6,38,0.8,0,0,258,101
16,25,16 x 25,25 x 16,510.6,2020-16758 x 19-18153,19-18153 x 2020-16758,57.9,86,132.8,36.4,1.1,0,0,402,100
6,33,6 x 33,33 x 6,507.7,IL16LCSDH-07-T-2662-202 x 18-14535,18-14535 x IL16LCSDH-07-T-2662-202,57.9,86,132.5,35.8,1.4,0,0,458,99
15,31,15 x 31,31 x 15,503.9,2020-1956 x US16-IL-063-063,US16-IL-063-063 x 2020-1956,57.4,86,132.1,35.8,1.3,0,0,523,98
11,35,11 x 35,35 x 11,503.7,2020-6148 x 17-23874,17-23874 x 2020-6148,58,86,133.3,38.4,1.5,0,0,526,98
14,15,14 x 15,15 x 14,503.3,2020-2010 x 2020-1956,2020-1956 x 2020-2010,57.3,86,132.4,36.5,1.1,0,0,533,98
10,27,10 x 27,27 x 10,531.6,2020-6205 x 19-14856,19-14856 x 2020-6205,58.3,85.9,130.4,37.2,0.8,0,1,8,104
26,27,26 x 27,27 x 26,529.3,19-16136 x 19-14856,19-14856 x 19-16136,57.9,85.9,131,36.6,0.7,0,1,16,103
18,23,18 x 23,23 x 18,524.4,2020-15256 x 19-21848,19-21848 x 2020-15256,58.2,85.9,131.1,36.6,1,0,1,65,102
2,23,2 x 23,23 x 2,521,IL16LCSDH-09-T-2664-23 x 19-21848,19-21848 x IL16LCSDH-09-T-2664-23,58.9,85.9,132.3,36.1,0.8,0,1,109,102
5,30,5 x 30,30 x 5,512.9,IL16LCSDH-08-T-2663-21 x US17-IL-111-005,US17-IL-111-005 x IL16LCSDH-08-T-2663-21,58.2,85.9,132.2,37.3,1.3,0,1,176,100
10,34,10 x 34,34 x 10,512.9,2020-6205 x 17-23904,17-23904 x 2020-6205,58.4,85.9,131.7,37.2,1.5,0,1,177,100
28,36,28 x 36,36 x 28,522.8,19-14617 x 16-36752,16-36752 x 19-14617,58.1,85.9,131,36.7,1.1,0,0,201,102
5,28,5 x 28,28 x 5,521.5,IL16LCSDH-08-T-2663-21 x 19-14617,19-14617 x IL16LCSDH-08-T-2663-21,58.5,85.9,131.2,37.1,1.1,0,0,218,102
9,24,9 x 24,24 x 9,519.9,IL16LCSDH-01-T-863-58 x 19-20348,19-20348 x IL16LCSDH-01-T-863-58,58.9,85.9,132.4,36.3,0.8,0,0,244,101
12,13,12 x 13,13 x 12,515.3,2020-5376 x 2020-2334,2020-2334 x 2020-5376,57.6,85.9,130.8,36.9,1.2,0,0,328,101
27,35,27 x 35,35 x 27,512.8,19-14856 x 17-23874,17-23874 x 19-14856,57.9,85.9,131.8,37.1,1.3,0,0,362,100
26,34,26 x 34,34 x 26,511.6,19-16136 x 17-23904,17-23904 x 19-16136,58,85.9,132.3,36.6,1.3,0,0,381,100
16,33,16 x 33,33 x 16,511.4,2020-16758 x 18-14535,18-14535 x 2020-16758,57.6,85.9,132.1,36,1,0,0,386,100
30,36,30 x 36,36 x 30,510.4,US17-IL-111-005 x 16-36752,16-36752 x US17-IL-111-005,57.8,85.9,132,37,1.3,0,0,405,100
7,13,7 x 13,13 x 7,496.3,IL16LCSDH-06-T-2661-228 x 2020-2334,2020-2334 x IL16LCSDH-06-T-2661-228,57,85.9,132.2,36.7,1.3,0,0,610,97
34,35,34 x 35,35 x 34,495.5,17-23904 x 17-23874,17-23874 x 17-23904,58,85.9,133.1,37.1,2,0,0,615,97
2,33,2 x 33,33 x 2,518,IL16LCSDH-09-T-2664-23 x 18-14535,18-14535 x IL16LCSDH-09-T-2664-23,59,85.8,132.5,36,0.9,0,1,133,101
18,25,18 x 25,25 x 18,516,2020-15256 x 19-18153,19-18153 x 2020-15256,58.5,85.8,132,36.9,1.1,0,1,149,101
3,23,3 x 23,23 x 3,519.7,IL16LCSDH-09-T-2664-20 x 19-21848,19-21848 x IL16LCSDH-09-T-2664-20,59,85.8,132.2,35.9,0.9,0,0,247,101
9,11,9 x 11,11 x 9,519.1,IL16LCSDH-01-T-863-58 x 2020-6148,2020-6148 x IL16LCSDH-01-T-863-58,59.1,85.8,132.7,37.8,0.7,0,0,259,101
4,23,4 x 23,23 x 4,518.4,IL16LCSDH-08-T-2663-55 x 19-21848,19-21848 x IL16LCSDH-08-T-2663-55,58.9,85.8,131.7,36.9,1.1,0,0,269,101
11,24,11 x 24,24 x 11,518.3,2020-6148 x 19-20348,19-20348 x 2020-6148,58.3,85.8,131.9,37.7,1.1,0,0,272,101
17,23,17 x 23,23 x 17,515.9,2020-16738 x 19-21848,19-21848 x 2020-16738,57.6,85.8,131.4,36.1,1,0,0,314,101
2,25,2 x 25,25 x 2,512.6,IL16LCSDH-09-T-2664-23 x 19-18153,19-18153 x IL16LCSDH-09-T-2664-23,59.2,85.8,133.3,36.3,1,0,0,365,100
7,22,7 x 22,22 x 7,508.7,IL16LCSDH-06-T-2661-228 x 19-6637,19-6637 x IL16LCSDH-06-T-2661-228,58,85.8,132.8,36,1.3,0,0,446,99
24,27,24 x 27,27 x 24,529.5,19-20348 x 19-14856,19-14856 x 19-20348,58.1,85.7,130.4,36.4,0.9,0,1,15,103
18,33,18 x 33,33 x 18,521.4,2020-15256 x 18-14535,18-14535 x 2020-15256,58.3,85.7,131.3,36.5,1,0,1,100,102
12,22,12 x 22,22 x 12,517.1,2020-5376 x 19-6637,19-6637 x 2020-5376,58.6,85.7,131.5,36.2,1.2,0,1,138,101
17,25,17 x 25,25 x 17,512.7,2020-16738 x 19-18153,19-18153 x 2020-16738,58,85.7,132.4,36.3,1.1,0,1,178,100
10,13,10 x 13,13 x 10,518,2020-6205 x 2020-2334,2020-2334 x 2020-6205,57.9,85.7,131.3,37.7,1.1,0,0,277,101
3,25,3 x 25,25 x 3,511.3,IL16LCSDH-09-T-2664-20 x 19-18153,19-18153 x IL16LCSDH-09-T-2664-20,59.3,85.7,133.1,36.2,1,0,0,387,100
13,26,13 x 26,26 x 13,510.9,2020-2334 x 19-16136,19-16136 x 2020-2334,57.6,85.7,131.9,37.1,1,0,0,396,100
24,34,24 x 34,34 x 24,510.8,19-20348 x 17-23904,17-23904 x 19-20348,58.2,85.7,131.7,36.4,1.5,0,0,398,100
5,37,5 x 37,37 x 5,509.6,IL16LCSDH-08-T-2663-21 x 16-23972,16-23972 x IL16LCSDH-08-T-2663-21,58.3,85.7,132.9,36.8,1.2,0,0,424,99
36,37,36 x 37,37 x 36,507.9,16-36752 x 16-23972,16-23972 x 16-36752,57.8,85.7,132.7,36.4,1.2,0,0,455,99
7,20,7 x 20,20 x 7,507.1,IL16LCSDH-06-T-2661-228 x 2020-13902,2020-13902 x IL16LCSDH-06-T-2661-228,57.3,85.7,132.2,36.5,0.9,0,0,472,99
7,19,7 x 19,19 x 7,498.8,IL16LCSDH-06-T-2661-228 x 2020-14116,2020-14116 x IL16LCSDH-06-T-2661-228,57.3,85.7,132.9,36.6,1.1,0,0,586,97
13,35,13 x 35,35 x 13,494.4,2020-2334 x 17-23874,17-23874 x 2020-2334,57.5,85.7,132.7,37.5,1.7,0,0,621,97
9,27,9 x 27,27 x 9,530.3,IL16LCSDH-01-T-863-58 x 19-14856,19-14856 x IL16LCSDH-01-T-863-58,59,85.6,131.1,36.4,0.6,0,1,11,104
12,20,12 x 20,20 x 12,526.1,2020-5376 x 2020-13902,2020-13902 x 2020-5376,57.9,85.6,130.9,36.6,0.8,0,1,43,103
12,19,12 x 19,19 x 12,517.8,2020-5376 x 2020-14116,2020-14116 x 2020-5376,57.9,85.6,131.6,36.7,1,0,1,136,101
12,14,12 x 14,14 x 12,520.1,2020-5376 x 2020-2010,2020-2010 x 2020-5376,57.8,85.6,130.9,35.9,1,0,0,238,102
3,33,3 x 33,33 x 3,516.7,IL16LCSDH-09-T-2664-20 x 18-14535,18-14535 x IL16LCSDH-09-T-2664-20,59,85.6,132.4,35.8,0.9,0,0,304,101
4,33,4 x 33,33 x 4,515.5,IL16LCSDH-08-T-2663-55 x 18-14535,18-14535 x IL16LCSDH-08-T-2663-55,58.9,85.6,131.9,36.8,1.1,0,0,323,101
17,33,17 x 33,33 x 17,513.5,2020-16738 x 18-14535,18-14535 x 2020-16738,57.7,85.6,131.6,36,1.1,0,0,351,100
9,34,9 x 34,34 x 9,511.6,IL16LCSDH-01-T-863-58 x 17-23904,17-23904 x IL16LCSDH-01-T-863-58,59.1,85.6,132.4,36.5,1.2,0,0,382,100
4,25,4 x 25,25 x 4,510.1,IL16LCSDH-08-T-2663-55 x 19-18153,19-18153 x IL16LCSDH-08-T-2663-55,59.2,85.6,132.7,37.1,1.2,0,0,417,100
15,23,15 x 23,23 x 15,506,2020-1956 x 19-21848,19-21848 x 2020-1956,57.4,85.6,132.2,36.4,1,0,0,487,99
7,31,7 x 31,31 x 7,501.8,IL16LCSDH-06-T-2661-228 x US16-IL-063-063,US16-IL-063-063 x IL16LCSDH-06-T-2661-228,57.3,85.6,132,35.1,1.3,0,0,551,98
7,14,7 x 14,14 x 7,501.2,IL16LCSDH-06-T-2661-228 x 2020-2010,2020-2010 x IL16LCSDH-06-T-2661-228,57.2,85.6,132.3,35.8,1.1,0,0,558,98
11,27,11 x 27,27 x 11,528.7,2020-6148 x 19-14856,19-14856 x 2020-6148,58.3,85.5,130.6,37.9,0.8,0,1,21,103
10,20,10 x 20,20 x 10,525.9,2020-6205 x 2020-13902,2020-13902 x 2020-6205,58.2,85.5,131.3,37.4,0.7,0,1,46,103
20,26,20 x 26,26 x 20,521.6,2020-13902 x 19-16136,19-16136 x 2020-13902,57.8,85.5,132,36.8,0.6,0,1,99,102
12,31,12 x 31,31 x 12,520.7,2020-5376 x US16-IL-063-063,US16-IL-063-063 x 2020-5376,58,85.5,130.7,35.3,1.2,0,1,111,102
9,13,9 x 13,13 x 9,518.5,IL16LCSDH-01-T-863-58 x 2020-2334,2020-2334 x IL16LCSDH-01-T-863-58,58.6,85.5,132,36.9,0.9,0,1,128,101
10,19,10 x 19,19 x 10,517.8,2020-6205 x 2020-14116,2020-14116 x 2020-6205,58.2,85.5,132,37.6,0.9,0,0,282,101
10,22,10 x 22,22 x 10,515.5,2020-6205 x 19-6637,19-6637 x 2020-6205,58.9,85.5,132,37,1.1,0,0,322,101
21,32,21 x 32,32 x 21,515.4,19-6704 x 18MSFRS-18,18MSFRS-18 x 19-6704,57.9,85.5,132.5,36.9,0.8,0,0,325,101
22,26,22 x 26,26 x 22,514.3,19-6637 x 19-16136,19-16136 x 19-6637,58.5,85.5,132.6,36.4,1,0,0,337,100
19,26,19 x 26,26 x 19,513.4,2020-14116 x 19-16136,19-16136 x 2020-14116,57.8,85.5,132.7,37,0.8,0,0,354,100
13,24,13 x 24,24 x 13,513.3,2020-2334 x 19-20348,19-20348 x 2020-2334,57.7,85.5,131.3,36.9,1.2,0,0,355,100
11,34,11 x 34,34 x 11,510,2020-6148 x 17-23904,17-23904 x 2020-6148,58.4,85.5,131.9,37.9,1.4,0,0,419,100
20,35,20 x 35,35 x 20,505.2,2020-13902 x 17-23874,17-23874 x 2020-13902,57.8,85.5,132.7,37.3,1.2,0,0,501,99
15,33,15 x 33,33 x 15,503.6,2020-1956 x 18-14535,18-14535 x 2020-1956,57.5,85.5,132.4,36.4,1.1,0,0,529,98
15,25,15 x 25,25 x 15,502.8,2020-1956 x 19-18153,19-18153 x 2020-1956,57.7,85.5,133.2,36.7,1.2,0,0,542,98
22,35,22 x 35,35 x 22,498.9,19-6637 x 17-23874,17-23874 x 19-6637,58.5,85.5,133.4,36.8,1.6,0,0,584,97
19,35,19 x 35,35 x 19,496.9,2020-14116 x 17-23874,17-23874 x 2020-14116,57.8,85.5,133.5,37.4,1.5,0,0,601,97
10,14,10 x 14,14 x 10,521.2,2020-6205 x 2020-2010,2020-2010 x 2020-6205,58.1,85.4,131.4,36.8,0.9,0,1,105,102
27,34,27 x 34,34 x 27,521.2,19-14856 x 17-23904,17-23904 x 19-14856,58.3,85.4,130.4,36.6,1.3,0,0,220,102
1,21,1 x 21,21 x 1,520.1,IL16LCSDH-09-T-2664-28 x 19-6704,19-6704 x IL16LCSDH-09-T-2664-28,58.5,85.4,132.1,36.8,0.7,0,0,237,102
10,31,10 x 31,31 x 10,519.6,2020-6205 x US16-IL-063-063,US16-IL-063-063 x 2020-6205,58.2,85.4,131.1,36.1,1.1,0,0,250,101
26,31,26 x 31,31 x 26,516.3,19-16136 x US16-IL-063-063,US16-IL-063-063 x 19-16136,57.9,85.4,131.8,35.5,1,0,0,309,101
11,13,11 x 13,13 x 11,516,2020-6148 x 2020-2334,2020-2334 x 2020-6148,57.9,85.4,131.6,38.4,1.1,0,0,313,101
14,26,14 x 26,26 x 14,515.7,2020-2010 x 19-16136,19-16136 x 2020-2010,57.8,85.4,132,36.2,0.8,0,0,318,101
22,24,22 x 24,24 x 22,513.4,19-6637 x 19-20348,19-20348 x 19-6637,58.7,85.4,131.9,36.1,1.2,0,0,353,100
31,35,31 x 35,35 x 31,499.9,US16-IL-063-063 x 17-23874,17-23874 x US16-IL-063-063,57.8,85.4,132.5,35.9,1.6,0,0,576,98
14,35,14 x 35,35 x 14,499.3,2020-2010 x 17-23874,17-23874 x 2020-2010,57.7,85.4,132.8,36.6,1.4,0,0,582,97
6,21,6 x 21,21 x 6,496.9,IL16LCSDH-07-T-2662-202 x 19-6704,19-6704 x IL16LCSDH-07-T-2662-202,57.2,85.4,132.3,36.7,1.3,0,0,603,97
13,27,13 x 27,27 x 13,525,2020-2334 x 19-14856,19-14856 x 2020-2334,57.8,85.3,130,37,0.9,0,1,55,102
9,20,9 x 20,20 x 9,524.6,IL16LCSDH-01-T-863-58 x 2020-13902,2020-13902 x IL16LCSDH-01-T-863-58,58.9,85.3,132,36.6,0.5,0,1,61,102
20,24,20 x 24,24 x 20,523.8,2020-13902 x 19-20348,19-20348 x 2020-13902,58,85.3,131.3,36.6,0.8,0,1,72,102
9,19,9 x 19,19 x 9,516.5,IL16LCSDH-01-T-863-58 x 2020-14116,2020-14116 x IL16LCSDH-01-T-863-58,58.9,85.3,132.8,36.8,0.7,0,0,306,101
19,24,19 x 24,24 x 19,515.7,2020-14116 x 19-20348,19-20348 x 2020-14116,58,85.3,132,36.7,1,0,0,319,101
9,22,9 x 22,22 x 9,514.2,IL16LCSDH-01-T-863-58 x 19-6637,19-6637 x IL16LCSDH-01-T-863-58,59.6,85.3,132.7,36.2,0.9,0,0,338,100
13,34,13 x 34,34 x 13,507.7,2020-2334 x 17-23904,17-23904 x 2020-2334,57.9,85.3,131.3,37.1,1.6,0,0,459,99
16,21,16 x 21,21 x 16,500.5,2020-16758 x 19-6704,19-6704 x 2020-16758,56.9,85.3,131.8,36.9,0.9,0,0,569,98
8,32,8 x 32,32 x 8,497.3,IL16LCSDH-06-T-2661-17 x 18MSFRS-18,18MSFRS-18 x IL16LCSDH-06-T-2661-17,58.2,85.3,134.3,36.6,1.4,0,0,598,97
12,23,12 x 23,23 x 12,522.4,2020-5376 x 19-21848,19-21848 x 2020-5376,58,85.2,130.7,35.9,1,0,1,90,102
9,14,9 x 14,14 x 9,519.9,IL16LCSDH-01-T-863-58 x 2020-2010,2020-2010 x IL16LCSDH-01-T-863-58,58.8,85.2,132.1,36,0.7,0,0,242,101
14,24,14 x 24,24 x 14,518.1,2020-2010 x 19-20348,19-20348 x 2020-2010,57.9,85.2,131.4,35.9,1,0,0,275,101
2,21,2 x 21,21 x 2,517.9,IL16LCSDH-09-T-2664-23 x 19-6704,19-6704 x IL16LCSDH-09-T-2664-23,58.3,85.2,132.3,36.8,0.7,0,0,280,101
24,31,24 x 31,31 x 24,517.5,19-20348 x US16-IL-063-063,US16-IL-063-063 x 19-20348,58.1,85.2,131.1,35.3,1.2,0,0,287,101
11,19,11 x 19,19 x 11,514.9,2020-6148 x 2020-14116,2020-14116 x 2020-6148,58.2,85.2,132.3,38.3,0.9,0,0,333,101
11,22,11 x 22,22 x 11,512.7,2020-6148 x 19-6637,19-6637 x 2020-6148,58.9,85.2,132.2,37.7,1.1,0,0,364,100
7,23,7 x 23,23 x 7,503.8,IL16LCSDH-06-T-2661-228 x 19-21848,19-21848 x IL16LCSDH-06-T-2661-228,57.4,85.2,132.1,35.8,1.1,0,0,524,98
1,8,1 x 8,8 x 1,500.3,IL16LCSDH-09-T-2664-28 x IL16LCSDH-06-T-2661-17,IL16LCSDH-06-T-2661-17 x IL16LCSDH-09-T-2664-28,58.8,85.2,133.9,36.5,1.3,0,0,571,98
8,16,8 x 16,16 x 8,485.9,IL16LCSDH-06-T-2661-17 x 2020-16758,2020-16758 x IL16LCSDH-06-T-2661-17,57.3,85.2,133.6,36.6,1.4,0,0,656,95
6,8,6 x 8,8 x 6,482.3,IL16LCSDH-07-T-2662-202 x IL16LCSDH-06-T-2661-17,IL16LCSDH-06-T-2661-17 x IL16LCSDH-07-T-2662-202,57.5,85.2,134.1,36.3,1.8,0,0,659,94
22,27,22 x 27,27 x 22,523.8,19-6637 x 19-14856,19-14856 x 19-6637,58.8,85.1,130.7,36.3,0.9,0,1,71,102
12,25,12 x 25,25 x 12,514,2020-5376 x 19-18153,19-18153 x 2020-5376,58.3,85.1,131.7,36.2,1.1,0,1,170,100
11,20,11 x 20,20 x 11,523,2020-6148 x 2020-13902,2020-13902 x 2020-6148,58.2,85.1,131.6,38.1,0.7,0,0,196,102
9,31,9 x 31,31 x 9,518.3,IL16LCSDH-01-T-863-58 x US16-IL-063-063,US16-IL-063-063 x IL16LCSDH-01-T-863-58,58.9,85.1,131.8,35.3,0.9,0,0,270,101
11,14,11 x 14,14 x 11,518.3,2020-6148 x 2020-2010,2020-2010 x 2020-6148,58.1,85.1,131.7,37.5,0.9,0,0,271,101
18,21,18 x 21,21 x 18,515.3,2020-15256 x 19-6704,19-6704 x 2020-15256,57.6,85.1,131,37.4,0.9,0,0,330,101
19,34,19 x 34,34 x 19,507.5,2020-14116 x 17-23904,17-23904 x 2020-14116,58.2,85.1,132.1,36.9,1.4,0,0,464,99
22,34,22 x 34,34 x 22,505.2,19-6637 x 17-23904,17-23904 x 19-6637,58.9,85.1,132,36.4,1.6,0,0,500,99
7,33,7 x 33,33 x 7,501.4,IL16LCSDH-06-T-2661-228 x 18-14535,18-14535 x IL16LCSDH-06-T-2661-228,57.4,85.1,132.3,35.7,1.1,0,0,556,98
7,25,7 x 25,25 x 7,500.6,IL16LCSDH-06-T-2661-228 x 19-18153,19-18153 x IL16LCSDH-06-T-2661-228,57.7,85.1,133,36.1,1.2,0,0,567,98
20,27,20 x 27,27 x 20,534.1,2020-13902 x 19-14856,19-14856 x 2020-13902,58.1,85,130,36.8,0.5,0,1,3,104
19,27,19 x 27,27 x 19,526.1,2020-14116 x 19-14856,19-14856 x 2020-14116,58.1,85,130.7,36.9,0.7,0,1,42,103
12,33,12 x 33,33 x 12,519.4,2020-5376 x 18-14535,18-14535 x 2020-5376,58.1,85,131,35.8,1,0,1,122,101
20,34,20 x 34,34 x 20,515.5,2020-13902 x 17-23904,17-23904 x 2020-13902,58.2,85,131.3,36.8,1.2,0,1,153,101
10,23,10 x 23,23 x 10,520.8,2020-6205 x 19-21848,19-21848 x 2020-6205,58.3,85,131.2,36.7,0.9,0,0,229,102
23,26,23 x 26,26 x 23,518.3,19-21848 x 19-16136,19-16136 x 19-21848,57.9,85,131.8,36.2,0.7,0,0,273,101
11,31,11 x 31,31 x 11,516.8,2020-6148 x US16-IL-063-063,US16-IL-063-063 x 2020-6148,58.3,85,131.4,36.8,1.1,0,0,300,101
3,21,3 x 21,21 x 3,516.6,IL16LCSDH-09-T-2664-20 x 19-6704,19-6704 x IL16LCSDH-09-T-2664-20,58.4,85,132.2,36.7,0.8,0,0,305,101
4,21,4 x 21,21 x 4,515.3,IL16LCSDH-08-T-2663-55 x 19-6704,19-6704 x IL16LCSDH-08-T-2663-55,58.3,85,131.7,37.6,1,0,0,326,101
14,34,14 x 34,34 x 14,510.9,2020-2010 x 17-23904,17-23904 x 2020-2010,58.1,85,131.4,36.2,1.4,0,0,397,100
17,21,17 x 21,21 x 17,502.6,2020-16738 x 19-6704,19-6704 x 2020-16738,57,85,131.4,36.8,0.9,0,0,544,98
23,35,23 x 35,35 x 23,501.9,19-21848 x 17-23874,17-23874 x 19-21848,57.9,85,132.6,36.6,1.4,0,0,550,98
2,8,2 x 8,8 x 2,498.1,IL16LCSDH-09-T-2664-23 x IL16LCSDH-06-T-2661-17,IL16LCSDH-06-T-2661-17 x IL16LCSDH-09-T-2664-23,58.6,85,134.1,36.5,1.3,0,0,591,97
14,27,14 x 27,27 x 14,529.5,2020-2010 x 19-14856,19-14856 x 2020-2010,58,84.9,130.1,36.1,0.7,0,1,14,103
27,31,27 x 31,31 x 27,527.9,19-14856 x US16-IL-063-063,US16-IL-063-063 x 19-14856,58.1,84.9,129.8,35.4,0.9,0,1,26,103
13,20,13 x 20,20 x 13,517.3,2020-2334 x 2020-13902,2020-13902 x 2020-2334,57.7,84.9,130.9,37.2,0.8,0,0,291,101
10,25,10 x 25,25 x 10,512.4,2020-6205 x 19-18153,19-18153 x 2020-6205,58.6,84.9,132.1,37,1,0,0,366,100
13,22,13 x 22,22 x 13,512.1,2020-2334 x 19-6637,19-6637 x 2020-2334,58.4,84.9,131.6,36.8,1.2,0,0,372,100
25,26,25 x 26,26 x 25,511.1,19-18153 x 19-16136,19-16136 x 19-18153,58.2,84.9,132.8,36.4,0.9,0,0,391,100
30,32,30 x 32,32 x 30,510.7,US17-IL-111-005 x 18MSFRS-18,18MSFRS-18 x US17-IL-111-005,58.2,84.9,132.6,36.5,1,0,0,401,100
29,36,29 x 36,36 x 29,510.2,US17-IL-111-006 x 16-36752,16-36752 x US17-IL-111-006,58.3,84.9,131.5,36.6,1.4,0,0,412,100
31,34,31 x 34,34 x 31,509.3,US16-IL-063-063 x 17-23904,17-23904 x US16-IL-063-063,58.2,84.9,131.1,35.5,1.5,0,0,433,99
13,19,13 x 19,19 x 13,509.1,2020-2334 x 2020-14116,2020-14116 x 2020-2334,57.7,84.9,131.7,37.4,1.1,0,0,436,99
5,29,5 x 29,29 x 5,508.9,IL16LCSDH-08-T-2663-21 x US17-IL-111-006,US17-IL-111-006 x IL16LCSDH-08-T-2663-21,58.7,84.9,131.7,37,1.4,0,0,440,99
8,18,8 x 18,18 x 8,500.6,IL16LCSDH-06-T-2661-17 x 2020-15256,2020-15256 x IL16LCSDH-06-T-2661-17,57.9,84.9,132.8,37.1,1.5,0,0,565,98
33,35,33 x 35,35 x 33,499.5,18-14535 x 17-23874,17-23874 x 18-14535,57.9,84.9,132.8,36.5,1.4,0,0,579,98
25,35,25 x 35,35 x 25,495.9,19-18153 x 17-23874,17-23874 x 19-18153,58.2,84.9,133.5,36.9,1.5,0,0,612,97
8,17,8 x 17,17 x 8,488,IL16LCSDH-06-T-2661-17 x 2020-16738,2020-16738 x IL16LCSDH-06-T-2661-17,57.4,84.9,133.2,36.5,1.5,0,0,648,95
9,23,9 x 23,23 x 9,519.4,IL16LCSDH-01-T-863-58 x 19-21848,19-21848 x IL16LCSDH-01-T-863-58,59,84.8,131.9,36,0.6,0,0,254,101
28,32,28 x 32,32 x 28,519.2,19-14617 x 18MSFRS-18,18MSFRS-18 x 19-14617,58.5,84.8,131.6,36.2,0.8,0,0,257,101
23,24,23 x 24,24 x 23,518.7,19-21848 x 19-20348,19-20348 x 19-21848,58.1,84.8,131.2,35.9,0.9,0,0,265,101
10,33,10 x 33,33 x 10,517.8,2020-6205 x 18-14535,18-14535 x 2020-6205,58.3,84.8,131.4,36.7,0.9,0,0,283,101
26,33,26 x 33,33 x 26,515.8,19-16136 x 18-14535,18-14535 x 19-16136,58,84.8,132.1,36.1,0.8,0,0,315,101
13,31,13 x 31,31 x 13,512,2020-2334 x US16-IL-063-063,US16-IL-063-063 x 2020-2334,57.8,84.8,130.7,35.9,1.2,0,0,375,100
13,14,13 x 14,14 x 13,511.4,2020-2334 x 2020-2010,2020-2010 x 2020-2334,57.6,84.8,131,36.6,1,0,0,385,100
3,8,3 x 8,8 x 3,496.8,IL16LCSDH-09-T-2664-20 x IL16LCSDH-06-T-2661-17,IL16LCSDH-06-T-2661-17 x IL16LCSDH-09-T-2664-20,58.7,84.8,134,36.4,1.3,0,0,604,97
4,8,4 x 8,8 x 4,495.6,IL16LCSDH-08-T-2663-55 x IL16LCSDH-06-T-2661-17,IL16LCSDH-06-T-2661-17 x IL16LCSDH-08-T-2663-55,58.6,84.8,133.5,37.3,1.6,0,0,614,97
6,30,6 x 30,30 x 6,495.2,IL16LCSDH-07-T-2662-202 x US17-IL-111-005,US17-IL-111-005 x IL16LCSDH-07-T-2662-202,57.5,84.8,132.4,36.2,1.4,0,0,617,97
15,21,15 x 21,21 x 15,492.8,2020-1956 x 19-6704,19-6704 x 2020-1956,56.8,84.8,132.2,37.2,1,0,0,628,96
19,20,19 x 20,20 x 19,519.7,2020-14116 x 2020-13902,2020-13902 x 2020-14116,58,84.7,131.7,37.1,0.6,0,1,120,101
20,22,20 x 22,22 x 20,518.1,2020-13902 x 19-6637,19-6637 x 2020-13902,58.7,84.7,131.6,36.5,0.8,0,1,131,101
1,30,1 x 30,30 x 1,513.7,IL16LCSDH-09-T-2664-28 x US17-IL-111-005,US17-IL-111-005 x IL16LCSDH-09-T-2664-28,58.7,84.7,132.2,36.4,0.9,0,1,172,100
1,28,1 x 28,28 x 1,522.2,IL16LCSDH-09-T-2664-28 x 19-14617,19-14617 x IL16LCSDH-09-T-2664-28,59,84.7,131.3,36.1,0.7,0,0,207,102
11,23,11 x 23,23 x 11,517.9,2020-6148 x 19-21848,19-21848 x 2020-6148,58.3,84.7,131.5,37.4,0.8,0,0,279,101
24,33,24 x 33,33 x 24,515.7,19-20348 x 18-14535,18-14535 x 19-20348,58.2,84.7,131.4,35.8,1,0,0,320,101
9,25,9 x 25,25 x 9,511.1,IL16LCSDH-01-T-863-58 x 19-18153,19-18153 x IL16LCSDH-01-T-863-58,59.3,84.7,132.8,36.3,0.8,0,0,392,100
24,25,24 x 25,25 x 24,510.3,19-20348 x 19-18153,19-18153 x 19-20348,58.4,84.7,132.1,36.2,1.1,0,0,409,100
19,22,19 x 22,22 x 19,510.1,2020-14116 x 19-6637,19-6637 x 2020-14116,58.7,84.7,132.3,36.7,1,0,0,415,100
6,28,6 x 28,28 x 6,508.5,IL16LCSDH-07-T-2662-202 x 19-14617,19-14617 x IL16LCSDH-07-T-2662-202,57.8,84.7,131.4,36,1.2,0,0,447,99
16,30,16 x 30,30 x 16,498.8,2020-16758 x US17-IL-111-005,US17-IL-111-005 x 2020-16758,57.2,84.7,132,36.5,1,0,0,585,97
8,15,8 x 15,15 x 8,478.2,IL16LCSDH-06-T-2661-17 x 2020-1956,2020-1956 x IL16LCSDH-06-T-2661-17,57.1,84.7,134,36.9,1.5,0,0,663,93
23,27,23 x 27,27 x 23,529,19-21848 x 19-14856,19-14856 x 19-21848,58.2,84.6,129.9,36.1,0.7,0,1,19,103
14,20,14 x 20,20 x 14,522,2020-2010 x 2020-13902,2020-13902 x 2020-2010,57.9,84.6,131,36.3,0.6,0,1,97,102
9,33,9 x 33,33 x 9,516.5,IL16LCSDH-01-T-863-58 x 18-14535,18-14535 x IL16LCSDH-01-T-863-58,59,84.6,132.1,35.9,0.7,0,0,307,101
14,19,14 x 19,19 x 14,513.8,2020-2010 x 2020-14116,2020-14116 x 2020-2010,57.9,84.6,131.8,36.5,0.8,0,0,347,100
14,22,14 x 22,22 x 14,513.5,2020-2010 x 19-6637,19-6637 x 2020-2010,58.6,84.6,131.7,35.9,1,0,0,350,100
16,28,16 x 28,28 x 16,512.2,2020-16758 x 19-14617,19-14617 x 2020-16758,57.5,84.6,131,36.2,0.8,0,0,370,100
22,31,22 x 31,31 x 22,512,19-6637 x US16-IL-063-063,US16-IL-063-063 x 19-6637,58.7,84.6,131.4,35.2,1.2,0,0,377,100
23,34,23 x 34,34 x 23,510.5,19-21848 x 17-23904,17-23904 x 19-21848,58.3,84.6,131.2,36.1,1.3,0,0,404,100
11,25,11 x 25,25 x 11,509.5,2020-6148 x 19-18153,19-18153 x 2020-6148,58.6,84.6,132.4,37.7,1,0,0,425,99
32,37,32 x 37,37 x 32,507.3,18MSFRS-18 x 16-23972,16-23972 x 18MSFRS-18,58.2,84.6,133.3,35.9,0.8,0,0,468,99
20,31,20 x 31,31 x 20,522.2,2020-13902 x US16-IL-063-063,US16-IL-063-063 x 2020-13902,58,84.5,130.7,35.6,0.8,0,1,94,102
18,30,18 x 30,30 x 18,513.5,2020-15256 x US17-IL-111-005,US17-IL-111-005 x 2020-15256,57.9,84.5,131.1,37,1.1,0,1,173,100
2,28,2 x 28,28 x 2,519.9,IL16LCSDH-09-T-2664-23 x 19-14617,19-14617 x IL16LCSDH-09-T-2664-23,58.9,84.5,131.4,36.2,0.7,0,0,241,101
14,31,14 x 31,31 x 14,516.8,2020-2010 x US16-IL-063-063,US16-IL-063-063 x 2020-2010,58,84.5,130.8,35,1,0,0,302,101
11,33,11 x 33,33 x 11,514.9,2020-6148 x 18-14535,18-14535 x 2020-6148,58.4,84.5,131.7,37.4,0.9,0,0,334,101
19,31,19 x 31,31 x 19,514.2,2020-14116 x US16-IL-063-063,US16-IL-063-063 x 2020-14116,58,84.5,131.5,35.8,1,0,0,340,100
2,30,2 x 30,30 x 2,511.4,IL16LCSDH-09-T-2664-23 x US17-IL-111-005,US17-IL-111-005 x IL16LCSDH-09-T-2664-23,58.6,84.5,132.4,36.4,0.9,0,0,384,100
1,37,1 x 37,37 x 1,510.3,IL16LCSDH-09-T-2664-28 x 16-23972,16-23972 x IL16LCSDH-09-T-2664-28,58.8,84.5,133,35.8,0.8,0,0,410,100
25,34,25 x 34,34 x 25,502.2,19-18153 x 17-23904,17-23904 x 19-18153,58.6,84.5,132.1,36.4,1.5,0,0,547,98
16,37,16 x 37,37 x 16,496.3,2020-16758 x 16-23972,16-23972 x 2020-16758,57.3,84.5,132.7,35.9,0.9,0,0,608,97
6,37,6 x 37,37 x 6,492.7,IL16LCSDH-07-T-2662-202 x 16-23972,16-23972 x IL16LCSDH-07-T-2662-202,57.5,84.5,133.1,35.7,1.3,0,0,629,96
7,21,7 x 21,21 x 7,490.6,IL16LCSDH-06-T-2661-228 x 19-6704,19-6704 x IL16LCSDH-06-T-2661-228,56.8,84.5,132,36.6,1,0,0,638,96
27,33,27 x 33,33 x 27,526.1,19-14856 x 18-14535,18-14535 x 19-14856,58.2,84.4,130.1,36,0.7,0,1,44,103
25,27,25 x 27,27 x 25,520.7,19-18153 x 19-14856,19-14856 x 19-18153,58.5,84.4,130.8,36.4,0.8,0,1,112,102
18,28,18 x 28,28 x 18,523.3,2020-15256 x 19-14617,19-14617 x 2020-15256,58.2,84.4,130.2,36.7,0.9,0,0,192,102
17,28,17 x 28,28 x 17,514.2,2020-16738 x 19-14617,19-14617 x 2020-16738,57.6,84.4,130.5,36.2,0.9,0,0,339,100
13,23,13 x 23,23 x 13,514,2020-2334 x 19-21848,19-21848 x 2020-2334,57.8,84.4,130.8,36.6,1,0,0,345,100
3,30,3 x 30,30 x 3,510.2,IL16LCSDH-09-T-2664-20 x US17-IL-111-005,US17-IL-111-005 x IL16LCSDH-09-T-2664-20,58.6,84.4,132.3,36.3,0.9,0,0,414,100
12,21,12 x 21,21 x 12,509.5,2020-5376 x 19-6704,19-6704 x 2020-5376,57.4,84.4,130.7,36.7,0.9,0,0,431,99
33,34,33 x 34,34 x 33,507.5,18-14535 x 17-23904,17-23904 x 18-14535,58.3,84.4,131.4,36.1,1.4,0,0,463,99
17,30,17 x 30,30 x 17,500.9,2020-16738 x US17-IL-111-005,US17-IL-111-005 x 2020-16738,57.3,84.4,131.5,36.4,1.1,0,0,563,98
3,28,3 x 28,28 x 3,518.6,IL16LCSDH-09-T-2664-20 x 19-14617,19-14617 x IL16LCSDH-09-T-2664-20,58.9,84.3,131.3,36,0.7,0,0,267,101
4,28,4 x 28,28 x 4,517.4,IL16LCSDH-08-T-2663-55 x 19-14617,19-14617 x IL16LCSDH-08-T-2663-55,58.9,84.3,130.8,37,1,0,0,288,101
13,25,13 x 25,25 x 13,509,2020-2334 x 19-18153,19-18153 x 2020-2334,58.1,84.3,131.8,36.8,1.1,0,0,437,99
4,30,4 x 30,30 x 4,508.9,IL16LCSDH-08-T-2663-55 x US17-IL-111-005,US17-IL-111-005 x IL16LCSDH-08-T-2663-55,58.6,84.3,131.8,37.2,1.2,0,0,438,99
2,37,2 x 37,37 x 2,508,IL16LCSDH-09-T-2664-23 x 16-23972,16-23972 x IL16LCSDH-09-T-2664-23,58.7,84.3,133.1,35.9,0.8,0,0,452,99
7,8,7 x 8,8 x 7,476.1,IL16LCSDH-06-T-2661-228 x IL16LCSDH-06-T-2661-17,IL16LCSDH-06-T-2661-17 x IL16LCSDH-06-T-2661-228,57.1,84.3,133.8,36.3,1.5,0,0,664,93
20,23,20 x 23,23 x 20,523.3,2020-13902 x 19-21848,19-21848 x 2020-13902,58.1,84.2,130.8,36.3,0.6,0,1,80,102
19,23,19 x 23,23 x 19,515.3,2020-14116 x 19-21848,19-21848 x 2020-14116,58.1,84.2,131.6,36.5,0.8,0,0,327,101
22,23,22 x 23,23 x 22,513.1,19-6637 x 19-21848,19-21848 x 19-6637,58.8,84.2,131.5,35.9,1,0,0,358,100
10,21,10 x 21,21 x 10,512.1,2020-6205 x 19-6704,19-6704 x 2020-6205,57.7,84.2,131.1,37.5,0.8,0,0,374,100
13,33,13 x 33,33 x 13,511.6,2020-2334 x 18-14535,18-14535 x 2020-2334,57.8,84.2,131,36.5,1.1,0,0,383,100
18,37,18 x 37,37 x 18,510.9,2020-15256 x 16-23972,16-23972 x 2020-15256,58,84.2,131.9,36.4,0.9,0,0,395,100
21,26,21 x 26,26 x 21,505,19-6704 x 19-16136,19-16136 x 19-6704,57.3,84.2,131.8,36.9,0.7,0,0,507,99
15,28,15 x 28,28 x 15,504.4,2020-1956 x 19-14617,19-14617 x 2020-1956,57.4,84.2,131.4,36.6,0.9,0,0,517,98
17,37,17 x 37,37 x 17,498.4,2020-16738 x 16-23972,16-23972 x 2020-16738,57.4,84.2,132.2,35.9,0.9,0,0,590,97
8,12,8 x 12,12 x 8,494.9,IL16LCSDH-06-T-2661-17 x 2020-5376,2020-5376 x IL16LCSDH-06-T-2661-17,57.7,84.2,132.5,36.4,1.4,0,0,620,97
15,30,15 x 30,30 x 15,491.1,2020-1956 x US17-IL-111-005,US17-IL-111-005 x 2020-1956,57.1,84.2,132.3,36.8,1.1,0,0,634,96
21,35,21 x 35,35 x 21,488.7,19-6704 x 17-23874,17-23874 x 19-6704,57.3,84.2,132.6,37.4,1.3,0,0,644,95
20,25,20 x 25,25 x 20,515,2020-13902 x 19-18153,19-18153 x 2020-13902,58.4,84.1,131.8,36.6,0.7,0,1,159,101
14,23,14 x 23,23 x 14,518.7,2020-2010 x 19-21848,19-21848 x 2020-2010,58,84.1,130.9,35.7,0.8,0,0,266,101
23,31,23 x 31,31 x 23,517.2,19-21848 x US16-IL-063-063,US16-IL-063-063 x 19-21848,58.1,84.1,130.6,35,1,0,0,295,101
22,33,22 x 33,33 x 22,510.1,19-6637 x 18-14535,18-14535 x 19-6637,58.8,84.1,131.7,35.8,1,0,0,416,100
21,24,21 x 24,24 x 21,507.4,19-6704 x 19-20348,19-20348 x 19-6704,57.5,84.1,131.1,36.7,0.9,0,0,466,99
19,25,19 x 25,25 x 19,506.9,2020-14116 x 19-18153,19-18153 x 2020-14116,58.4,84.1,132.5,36.7,0.9,0,0,474,99
3,37,3 x 37,37 x 3,506.7,IL16LCSDH-09-T-2664-20 x 16-23972,16-23972 x IL16LCSDH-09-T-2664-20,58.7,84.1,133,35.7,0.8,0,0,478,99
4,37,4 x 37,37 x 4,505.5,IL16LCSDH-08-T-2663-55 x 16-23972,16-23972 x IL16LCSDH-08-T-2663-55,58.6,84.1,132.5,36.7,1,0,0,495,99
22,25,22 x 25,25 x 22,504.7,19-6637 x 19-18153,19-18153 x 19-6637,59.1,84.1,132.4,36.1,1.1,0,0,513,99
8,10,8 x 10,10 x 8,497.5,IL16LCSDH-06-T-2661-17 x 2020-6205,2020-6205 x IL16LCSDH-06-T-2661-17,58,84.1,132.9,37.2,1.3,0,0,595,97
8,26,8 x 26,26 x 8,490.4,IL16LCSDH-06-T-2661-17 x 19-16136,19-16136 x IL16LCSDH-06-T-2661-17,57.6,84.1,133.6,36.6,1.2,0,0,640,96
8,35,8 x 35,35 x 8,474.2,IL16LCSDH-06-T-2661-17 x 17-23874,17-23874 x IL16LCSDH-06-T-2661-17,57.6,84.1,134.3,37.1,1.9,0,0,666,93
20,33,20 x 33,33 x 20,520.3,2020-13902 x 18-14535,18-14535 x 2020-13902,58.1,84,131,36.2,0.6,0,1,115,102
9,21,9 x 21,21 x 9,516.3,IL16LCSDH-01-T-863-58 x 19-6704,19-6704 x IL16LCSDH-01-T-863-58,58.4,84,131.9,36.8,0.6,0,0,310,101
19,33,19 x 33,33 x 19,512.3,2020-14116 x 18-14535,18-14535 x 2020-14116,58.1,84,131.8,36.4,0.9,0,0,367,100
14,25,14 x 25,25 x 14,510.3,2020-2010 x 19-18153,19-18153 x 2020-2010,58.3,84,131.9,35.9,0.9,0,0,408,100
25,31,25 x 31,31 x 25,508.8,19-18153 x US16-IL-063-063,US16-IL-063-063 x 19-18153,58.4,84,131.6,35.2,1.1,0,0,442,99
15,37,15 x 37,37 x 15,488.5,2020-1956 x 16-23972,16-23972 x 2020-1956,57.2,84,133,36.2,1,0,0,647,95
14,33,14 x 33,33 x 14,515.7,2020-2010 x 18-14535,18-14535 x 2020-2010,58,83.9,131.1,35.6,0.8,0,0,321,101
31,33,31 x 33,33 x 31,514.2,US16-IL-063-063 x 18-14535,18-14535 x US16-IL-063-063,58.2,83.9,130.8,34.9,1,0,0,341,100
11,21,11 x 21,21 x 11,510.1,2020-6148 x 19-6704,19-6704 x 2020-6148,57.7,83.9,131.4,38.2,0.8,0,0,418,100
8,24,8 x 24,24 x 8,492.9,IL16LCSDH-06-T-2661-17 x 19-20348,19-20348 x IL16LCSDH-06-T-2661-17,57.8,83.9,132.9,36.4,1.4,0,0,627,96
21,27,21 x 27,27 x 21,519,19-6704 x 19-14856,19-14856 x 19-6704,57.6,83.8,129.8,36.9,0.6,0,0,261,101
12,30,12 x 30,30 x 12,507.7,2020-5376 x US17-IL-111-005,US17-IL-111-005 x 2020-5376,57.7,83.8,130.8,36.3,1,0,0,460,99
29,32,29 x 32,32 x 29,506.6,US17-IL-111-006 x 18MSFRS-18,18MSFRS-18 x US17-IL-111-006,58.7,83.8,132.1,36.1,1,0,0,480,99
7,28,7 x 28,28 x 7,502.2,IL16LCSDH-06-T-2661-228 x 19-14617,19-14617 x IL16LCSDH-06-T-2661-228,57.3,83.8,131.2,35.9,0.9,0,0,546,98
21,34,21 x 34,34 x 21,501.9,19-6704 x 17-23904,17-23904 x 19-6704,57.7,83.8,131.2,36.9,1.3,0,0,548,98
8,9,8 x 9,9 x 8,496.6,IL16LCSDH-06-T-2661-17 x IL16LCSDH-01-T-863-58,IL16LCSDH-01-T-863-58 x IL16LCSDH-06-T-2661-17,58.7,83.8,133.7,36.5,1.1,0,0,606,97
7,30,7 x 30,30 x 7,489,IL16LCSDH-06-T-2661-228 x US17-IL-111-005,US17-IL-111-005 x IL16LCSDH-06-T-2661-228,57.1,83.8,132.1,36.2,1.1,0,0,643,95
12,28,12 x 28,28 x 12,520.9,2020-5376 x 19-14617,19-14617 x 2020-5376,58,83.7,129.9,36,0.8,0,0,226,102
1,29,1 x 29,29 x 1,509.5,IL16LCSDH-09-T-2664-28 x US17-IL-111-006,US17-IL-111-006 x IL16LCSDH-09-T-2664-28,59.2,83.7,131.7,36,0.9,0,0,426,99
6,29,6 x 29,29 x 6,499.5,IL16LCSDH-07-T-2662-202 x US17-IL-111-006,US17-IL-111-006 x IL16LCSDH-07-T-2662-202,58,83.7,131.9,35.8,1.5,0,0,578,98
8,11,8 x 11,11 x 8,495.1,IL16LCSDH-06-T-2661-17 x 2020-6148,2020-6148 x IL16LCSDH-06-T-2661-17,58,83.7,133.2,37.9,1.3,0,0,618,97
10,28,10 x 28,28 x 10,519.7,2020-6205 x 19-14617,19-14617 x 2020-6205,58.2,83.6,130.3,36.9,0.7,0,0,248,101
26,28,26 x 28,28 x 26,516.4,19-16136 x 19-14617,19-14617 x 19-16136,57.9,83.6,131,36.3,0.6,0,0,308,101
10,30,10 x 30,30 x 10,510.3,2020-6205 x US17-IL-111-005,US17-IL-111-005 x 2020-6205,57.9,83.6,131.3,37.1,0.9,0,0,411,100
23,25,23 x 25,25 x 23,509.9,19-21848 x 19-18153,19-18153 x 19-21848,58.5,83.6,131.7,35.9,0.9,0,0,421,100
8,27,8 x 27,27 x 8,504.4,IL16LCSDH-06-T-2661-17 x 19-14856,19-14856 x IL16LCSDH-06-T-2661-17,57.9,83.6,131.6,36.6,1.1,0,0,516,98
26,30,26 x 30,30 x 26,503.2,19-16136 x US17-IL-111-005,US17-IL-111-005 x 19-16136,57.6,83.6,131.9,36.5,0.8,0,0,535,98
16,29,16 x 29,29 x 16,503.1,2020-16758 x US17-IL-111-006,US17-IL-111-006 x 2020-16758,57.7,83.6,131.5,36.1,1.1,0,0,538,98
13,21,13 x 21,21 x 13,500.8,2020-2334 x 19-6704,19-6704 x 2020-2334,57.2,83.6,130.8,37.4,0.9,0,0,564,98
28,35,28 x 35,35 x 28,500.2,19-14617 x 17-23874,17-23874 x 19-14617,57.8,83.6,131.7,36.7,1.3,0,0,572,98
8,34,8 x 34,34 x 8,487.4,IL16LCSDH-06-T-2661-17 x 17-23904,17-23904 x IL16LCSDH-06-T-2661-17,58,83.6,132.9,36.6,1.8,0,0,650,95
30,35,30 x 35,35 x 30,487,US17-IL-111-005 x 17-23874,17-23874 x US17-IL-111-005,57.5,83.6,132.7,37,1.5,0,0,652,95
7,37,7 x 37,37 x 7,486.4,IL16LCSDH-06-T-2661-228 x 16-23972,16-23972 x IL16LCSDH-06-T-2661-228,57.1,83.6,132.9,35.6,1,0,0,653,95
23,33,23 x 33,33 x 23,515.3,19-21848 x 18-14535,18-14535 x 19-21848,58.2,83.5,130.9,35.6,0.8,0,0,329,101
2,29,2 x 29,29 x 2,507.3,IL16LCSDH-09-T-2664-23 x US17-IL-111-006,US17-IL-111-006 x IL16LCSDH-09-T-2664-23,59.1,83.5,131.9,36,0.9,0,0,469,99
12,37,12 x 37,37 x 12,505.1,2020-5376 x 16-23972,16-23972 x 2020-5376,57.7,83.5,131.6,35.7,0.9,0,0,505,99
8,13,8 x 13,13 x 8,486.3,IL16LCSDH-06-T-2661-17 x 2020-2334,2020-2334 x IL16LCSDH-06-T-2661-17,57.5,83.5,132.6,37.1,1.5,0,0,654,95
24,28,24 x 28,28 x 24,517.6,19-20348 x 19-14617,19-14617 x 19-20348,58.1,83.4,130.3,36,0.8,0,0,286,101
20,21,20 x 21,21 x 20,511.3,2020-13902 x 19-6704,19-6704 x 2020-13902,57.5,83.4,130.8,37.1,0.5,0,0,388,100
18,29,18 x 29,29 x 18,510.8,2020-15256 x US17-IL-111-006,US17-IL-111-006 x 2020-15256,58.4,83.4,130.7,36.6,1.1,0,0,399,100
21,22,21 x 22,22 x 21,509.9,19-6704 x 19-6637,19-6637 x 19-6704,58.2,83.4,131.4,36.7,0.9,0,0,420,100
9,30,9 x 30,30 x 9,509.8,IL16LCSDH-01-T-863-58 x US17-IL-111-005,US17-IL-111-005 x IL16LCSDH-01-T-863-58,58.7,83.4,132,36.4,0.7,0,0,423,100
10,37,10 x 37,37 x 10,507.6,2020-6205 x 16-23972,16-23972 x 2020-6205,58,83.4,132,36.5,0.8,0,0,462,99
25,33,25 x 33,33 x 25,506.9,19-18153 x 18-14535,18-14535 x 19-18153,58.5,83.4,131.9,35.8,0.9,0,0,475,99
24,30,24 x 30,30 x 24,505.7,19-20348 x US17-IL-111-005,US17-IL-111-005 x 19-20348,57.8,83.4,131.3,36.3,1,0,0,493,99
19,21,19 x 21,21 x 19,503.2,2020-14116 x 19-6704,19-6704 x 2020-14116,57.5,83.4,131.5,37.2,0.7,0,0,536,98
26,37,26 x 37,37 x 26,500.6,19-16136 x 16-23972,16-23972 x 19-16136,57.6,83.4,132.7,36,0.7,0,0,566,98
35,37,35 x 37,37 x 35,484.4,17-23874 x 16-23972,16-23972 x 17-23874,57.6,83.4,133.4,36.4,1.3,0,0,657,95
9,28,9 x 28,28 x 9,518.3,IL16LCSDH-01-T-863-58 x 19-14617,19-14617 x IL16LCSDH-01-T-863-58,58.9,83.3,131,36.1,0.5,0,0,274,101
11,30,11 x 30,30 x 11,508.2,2020-6148 x US17-IL-111-005,US17-IL-111-005 x 2020-6148,58,83.3,131.5,37.8,0.9,0,0,449,99
21,31,21 x 31,31 x 21,506.1,19-6704 x US16-IL-063-063,US16-IL-063-063 x 19-6704,57.5,83.3,130.6,35.8,0.9,0,0,485,99
3,29,3 x 29,29 x 3,506,IL16LCSDH-09-T-2664-20 x US17-IL-111-006,US17-IL-111-006 x IL16LCSDH-09-T-2664-20,59.1,83.3,131.8,35.9,1,0,0,486,99
14,21,14 x 21,21 x 14,505.5,2020-2010 x 19-6704,19-6704 x 2020-2010,57.4,83.3,130.9,36.4,0.7,0,0,496,99
17,29,17 x 29,29 x 17,505.1,2020-16738 x US17-IL-111-006,US17-IL-111-006 x 2020-16738,57.8,83.3,131,36,1.1,0,0,503,99
4,29,4 x 29,29 x 4,504.9,IL16LCSDH-08-T-2663-55 x US17-IL-111-006,US17-IL-111-006 x IL16LCSDH-08-T-2663-55,59.1,83.3,131.3,36.8,1.2,0,0,512,99
8,22,8 x 22,22 x 8,490.3,IL16LCSDH-06-T-2661-17 x 19-6637,19-6637 x IL16LCSDH-06-T-2661-17,58.5,83.3,133.2,36.4,1.4,0,0,641,96
11,28,11 x 28,28 x 11,516.8,2020-6148 x 19-14617,19-14617 x 2020-6148,58.3,83.2,130.6,37.6,0.7,0,0,301,101
24,37,24 x 37,37 x 24,503,19-20348 x 16-23972,16-23972 x 19-20348,57.8,83.2,132,35.7,0.9,0,0,540,98
30,34,30 x 34,34 x 30,500.2,US17-IL-111-005 x 17-23904,17-23904 x US17-IL-111-005,57.9,83.2,131.3,36.5,1.4,0,0,573,98
8,20,8 x 20,20 x 8,496.8,IL16LCSDH-06-T-2661-17 x 2020-13902,2020-13902 x IL16LCSDH-06-T-2661-17,57.8,83.2,132.6,36.8,1,0,0,605,97
15,29,15 x 29,29 x 15,495.3,2020-1956 x US17-IL-111-006,US17-IL-111-006 x 2020-1956,57.6,83.2,131.8,36.4,1.2,0,0,616,97
8,14,8 x 14,14 x 8,491,IL16LCSDH-06-T-2661-17 x 2020-2010,2020-2010 x IL16LCSDH-06-T-2661-17,57.7,83.2,132.7,36.1,1.2,0,0,636,96
8,19,8 x 19,19 x 8,488.6,IL16LCSDH-06-T-2661-17 x 2020-14116,2020-14116 x IL16LCSDH-06-T-2661-17,57.8,83.2,133.3,36.9,1.3,0,0,646,95
27,28,27 x 28,28 x 27,527.9,19-14856 x 19-14617,19-14617 x 19-14856,58.1,83.1,129,36.2,0.5,0,1,27,103
27,30,27 x 30,30 x 27,517.2,19-14856 x US17-IL-111-005,US17-IL-111-005 x 19-14856,57.9,83.1,130,36.5,0.7,0,1,137,101
28,34,28 x 34,34 x 28,509.5,19-14617 x 17-23904,17-23904 x 19-14617,58.2,83.1,130.3,36.2,1.2,0,0,427,99
9,37,9 x 37,37 x 9,506.4,IL16LCSDH-01-T-863-58 x 16-23972,16-23972 x IL16LCSDH-01-T-863-58,58.7,83.1,132.7,35.8,0.6,0,0,481,99
8,31,8 x 31,31 x 8,491.6,IL16LCSDH-06-T-2661-17 x US16-IL-063-063,US16-IL-063-063 x IL16LCSDH-06-T-2661-17,57.8,83.1,132.4,35.5,1.4,0,0,632,96
13,28,13 x 28,28 x 13,512.2,2020-2334 x 19-14617,19-14617 x 2020-2334,57.8,83,129.9,36.7,0.9,0,0,368,100
11,37,11 x 37,37 x 11,504.9,2020-6148 x 16-23972,16-23972 x 2020-6148,58,83,132.3,37.2,0.8,0,0,510,99
13,30,13 x 30,30 x 13,499.1,2020-2334 x US17-IL-111-005,US17-IL-111-005 x 2020-2334,57.5,83,130.9,37,1.1,0,0,583,97
27,37,27 x 37,37 x 27,514.5,19-14856 x 16-23972,16-23972 x 19-14856,57.9,82.9,130.7,35.9,0.6,0,1,163,100
21,23,21 x 23,23 x 21,508,19-6704 x 19-21848,19-21848 x 19-6704,57.6,82.9,130.7,36.4,0.7,0,0,451,99
34,37,34 x 37,37 x 34,497.5,17-23904 x 16-23972,16-23972 x 17-23904,58,82.9,132,35.9,1.3,0,0,594,97
22,28,22 x 28,28 x 22,512,19-6637 x 19-14617,19-14617 x 19-6637,58.7,82.8,130.6,36,0.8,0,0,376,100
20,30,20 x 30,30 x 20,509.5,2020-13902 x US17-IL-111-005,US17-IL-111-005 x 2020-13902,57.7,82.8,130.9,36.7,0.6,0,0,430,99
21,33,21 x 33,33 x 21,505.6,19-6704 x 18-14535,18-14535 x 19-6704,57.6,82.8,130.9,36.3,0.7,0,0,494,99
21,25,21 x 25,25 x 21,504.7,19-6704 x 19-18153,19-18153 x 19-6704,57.9,82.8,131.6,36.7,0.8,0,0,514,99
22,30,22 x 30,30 x 22,503.6,19-6637 x US17-IL-111-005,US17-IL-111-005 x 19-6637,58.4,82.8,131.6,36.2,1,0,0,530,98
19,30,19 x 30,30 x 19,501.4,2020-14116 x US17-IL-111-005,US17-IL-111-005 x 2020-14116,57.7,82.8,131.6,36.8,0.9,0,0,557,98
13,37,13 x 37,37 x 13,496.5,2020-2334 x 16-23972,16-23972 x 2020-2334,57.5,82.8,131.6,36.4,0.9,0,0,607,97
8,23,8 x 23,23 x 8,493.5,IL16LCSDH-06-T-2661-17 x 19-21848,19-21848 x IL16LCSDH-06-T-2661-17,57.9,82.8,132.5,36.1,1.2,0,0,624,96
7,29,7 x 29,29 x 7,493.2,IL16LCSDH-06-T-2661-228 x US17-IL-111-006,US17-IL-111-006 x IL16LCSDH-06-T-2661-228,57.5,82.8,131.6,35.8,1.2,0,0,626,96
20,28,20 x 28,28 x 20,522.1,2020-13902 x 19-14617,19-14617 x 2020-13902,58,82.7,130,36.4,0.4,0,0,210,102
19,28,19 x 28,28 x 19,514.1,2020-14116 x 19-14617,19-14617 x 2020-14116,58,82.7,130.7,36.6,0.7,0,0,342,100
12,29,12 x 29,29 x 12,508.8,2020-5376 x US17-IL-111-006,US17-IL-111-006 x 2020-5376,58.2,82.7,130.3,35.9,1.1,0,0,444,99
30,31,30 x 31,31 x 30,504.3,US17-IL-111-005 x US16-IL-063-063,US16-IL-063-063 x US17-IL-111-005,57.8,82.7,130.7,35.4,1,0,0,518,98
14,30,14 x 30,30 x 14,503.7,2020-2010 x US17-IL-111-005,US17-IL-111-005 x 2020-2010,57.7,82.7,131,36,0.8,0,0,527,98
8,25,8 x 25,25 x 8,487.2,IL16LCSDH-06-T-2661-17 x 19-18153,19-18153 x IL16LCSDH-06-T-2661-17,58.2,82.7,133.4,36.4,1.4,0,0,651,95
14,28,14 x 28,28 x 14,516.8,2020-2010 x 19-14617,19-14617 x 2020-2010,58,82.6,130,35.8,0.6,0,0,299,101
28,31,28 x 31,31 x 28,516,19-14617 x US16-IL-063-063,US16-IL-063-063 x 19-14617,58.1,82.6,129.8,35.1,0.8,0,0,312,101
22,37,22 x 37,37 x 22,500.1,19-6637 x 16-23972,16-23972 x 19-6637,58.5,82.6,132.3,35.7,0.9,0,0,574,98
8,33,8 x 33,33 x 8,491.1,IL16LCSDH-06-T-2661-17 x 18-14535,18-14535 x IL16LCSDH-06-T-2661-17,57.9,82.6,132.7,36,1.3,0,0,635,96
29,35,29 x 35,35 x 29,490.8,US17-IL-111-006 x 17-23874,17-23874 x US17-IL-111-006,58,82.6,132.2,36.6,1.5,0,0,637,96
10,29,10 x 29,29 x 10,507.1,2020-6205 x US17-IL-111-006,US17-IL-111-006 x 2020-6205,58.4,82.5,130.8,36.7,1,0,0,471,99
20,37,20 x 37,37 x 20,506.8,2020-13902 x 16-23972,16-23972 x 2020-13902,57.8,82.5,131.6,36.1,0.5,0,0,477,99
26,29,26 x 29,29 x 26,505.8,19-16136 x US17-IL-111-006,US17-IL-111-006 x 19-16136,58.1,82.5,131.4,36.1,0.9,0,0,490,99
14,37,14 x 37,37 x 14,501,2020-2010 x 16-23972,16-23972 x 2020-2010,57.7,82.5,131.7,35.5,0.7,0,0,561,98
19,37,19 x 37,37 x 19,498.7,2020-14116 x 16-23972,16-23972 x 2020-14116,57.8,82.5,132.4,36.3,0.7,0,0,587,97
24,29,24 x 29,29 x 24,505,19-20348 x US17-IL-111-006,US17-IL-111-006 x 19-20348,58.3,82.4,130.8,35.9,1.1,0,0,506,99
31,37,31 x 37,37 x 31,501.7,US16-IL-063-063 x 16-23972,16-23972 x US16-IL-063-063,57.8,82.4,131.4,34.8,0.9,0,0,552,98
23,28,23 x 28,28 x 23,517,19-21848 x 19-14617,19-14617 x 19-21848,58.1,82.3,129.8,35.8,0.6,0,0,298,101
23,30,23 x 30,30 x 23,506.2,19-21848 x US17-IL-111-005,US17-IL-111-005 x 19-21848,57.8,82.3,130.8,36,0.8,0,0,484,99
9,29,9 x 29,29 x 9,505.7,IL16LCSDH-01-T-863-58 x US17-IL-111-006,US17-IL-111-006 x IL16LCSDH-01-T-863-58,59.1,82.3,131.5,36,0.8,0,0,492,99
11,29,11 x 29,29 x 11,504.2,2020-6148 x US17-IL-111-006,US17-IL-111-006 x 2020-6148,58.5,82.2,131.1,37.4,1,0,0,520,98
25,30,25 x 30,30 x 25,500.4,19-18153 x US17-IL-111-005,US17-IL-111-005 x 19-18153,58.2,82.2,131.7,36.3,1,0,0,570,98
27,29,27 x 29,29 x 27,515.3,19-14856 x US17-IL-111-006,US17-IL-111-006 x 19-14856,58.4,82.1,129.5,36.1,0.8,0,1,157,101
28,33,28 x 33,33 x 28,514.1,19-14617 x 18-14535,18-14535 x 19-14617,58.2,82.1,130.1,35.7,0.7,0,0,344,100
25,28,25 x 28,28 x 25,508.8,19-18153 x 19-14617,19-14617 x 19-18153,58.4,82.1,130.8,36,0.8,0,0,445,99
30,33,30 x 33,33 x 30,503.7,US17-IL-111-005 x 18-14535,18-14535 x US17-IL-111-005,57.9,82.1,131,35.9,0.9,0,0,525,98
23,37,23 x 37,37 x 23,503.5,19-21848 x 16-23972,16-23972 x 19-21848,57.9,82.1,131.5,35.5,0.7,0,0,532,98
29,34,29 x 34,34 x 29,497.1,US17-IL-111-006 x 17-23904,17-23904 x US17-IL-111-006,58.4,82.1,130.8,36.1,1.4,0,0,600,97
25,37,25 x 37,37 x 25,496.9,19-18153 x 16-23972,16-23972 x 19-18153,58.2,82,132.5,35.7,0.8,0,0,602,97
8,21,8 x 21,21 x 8,480.5,IL16LCSDH-06-T-2661-17 x 19-6704,19-6704 x IL16LCSDH-06-T-2661-17,57.3,82,132.4,36.9,1.1,0,0,661,94
13,29,13 x 29,29 x 13,503.1,2020-2334 x US17-IL-111-006,US17-IL-111-006 x 2020-2334,58,81.9,130.4,36.6,1.1,0,0,537,98
33,37,33 x 37,37 x 33,501.1,18-14535 x 16-23972,16-23972 x 18-14535,57.9,81.9,131.7,35.4,0.7,0,0,560,98
22,29,22 x 29,29 x 22,499.5,19-6637 x US17-IL-111-006,US17-IL-111-006 x 19-6637,58.9,81.8,131.1,35.9,1.1,0,0,580,98
20,29,20 x 29,29 x 20,509.5,2020-13902 x US17-IL-111-006,US17-IL-111-006 x 2020-13902,58.2,81.7,130.4,36.3,0.7,0,0,428,99
19,29,19 x 29,29 x 19,501.6,2020-14116 x US17-IL-111-006,US17-IL-111-006 x 2020-14116,58.2,81.7,131.2,36.4,0.9,0,0,553,98
14,29,14 x 29,29 x 14,505,2020-2010 x US17-IL-111-006,US17-IL-111-006 x 2020-2010,58.2,81.6,130.5,35.6,0.9,0,0,508,99
29,31,29 x 31,31 x 29,503.5,US17-IL-111-006 x US16-IL-063-063,US16-IL-063-063 x US17-IL-111-006,58.3,81.6,130.2,35,1.1,0,0,531,98
21,28,21 x 28,28 x 21,506.2,19-6704 x 19-14617,19-14617 x 19-6704,57.5,81.5,129.8,36.5,0.5,0,0,482,99
21,30,21 x 30,30 x 21,493.2,19-6704 x US17-IL-111-005,US17-IL-111-005 x 19-6704,57.2,81.5,130.7,36.8,0.7,0,0,625,96
8,30,8 x 30,30 x 8,478.8,IL16LCSDH-06-T-2661-17 x US17-IL-111-005,US17-IL-111-005 x IL16LCSDH-06-T-2661-17,57.6,81.4,132.5,36.5,1.3,0,0,662,93
8,28,8 x 28,28 x 8,491.7,IL16LCSDH-06-T-2661-17 x 19-14617,19-14617 x IL16LCSDH-06-T-2661-17,57.8,81.3,131.6,36.2,1.1,0,0,631,96
21,37,21 x 37,37 x 21,490.5,19-6704 x 16-23972,16-23972 x 19-6704,57.3,81.3,131.5,36.2,0.6,0,0,639,96
23,29,23 x 29,29 x 23,504.5,19-21848 x US17-IL-111-006,US17-IL-111-006 x 19-21848,58.3,81.2,130.3,35.6,0.9,0,0,515,98
29,33,29 x 33,33 x 29,501.6,US17-IL-111-006 x 18-14535,18-14535 x US17-IL-111-006,58.4,81.1,130.5,35.5,0.9,0,0,554,98
25,29,25 x 29,29 x 25,496.3,19-18153 x US17-IL-111-006,US17-IL-111-006 x 19-18153,58.6,81.1,131.2,35.9,1,0,0,609,97
8,37,8 x 37,37 x 8,476.1,IL16LCSDH-06-T-2661-17 x 16-23972,16-23972 x IL16LCSDH-06-T-2661-17,57.6,81.1,133.3,35.9,1.2,0,0,665,93
28,30,28 x 30,30 x 28,504.3,19-14617 x US17-IL-111-005,US17-IL-111-005 x 19-14617,57.8,80.8,129.9,36.1,0.7,0,0,519,98
30,37,30 x 37,37 x 30,488.7,US17-IL-111-005 x 16-23972,16-23972 x US17-IL-111-005,57.6,80.7,131.6,35.8,0.8,0,0,645,95
28,37,28 x 37,37 x 28,501.6,19-14617 x 16-23972,16-23972 x 19-14617,57.9,80.6,130.7,35.6,0.5,0,0,555,98
21,29,21 x 29,29 x 21,497.1,19-6704 x US17-IL-111-006,US17-IL-111-006 x 19-6704,57.7,80.5,130.3,36.4,0.8,0,0,599,97
8,29,8 x 29,29 x 8,482,IL16LCSDH-06-T-2661-17 x US17-IL-111-006,US17-IL-111-006 x IL16LCSDH-06-T-2661-17,58,80.3,132.1,36.1,1.3,0,0,660,94
28,29,28 x 29,29 x 28,503.3,19-14617 x US17-IL-111-006,US17-IL-111-006 x 19-14617,58.3,79.8,129.4,35.7,0.7,0,0,534,98
29,30,29 x 30,30 x 29,495,US17-IL-111-006 x US17-IL-111-005,US17-IL-111-005 x US17-IL-111-006,58,79.8,130.4,36,0.9,0,0,619,97
29,37,29 x 37,37 x 29,491.5,US17-IL-111-006 x 16-23972,16-23972 x US17-IL-111-006,58.1,79.6,131.1,35.4,0.8,0,0,633,96