,germplasmme,War_22,Add_22,Blk_22,Stp_22,Neo_22,Urb_22,yield_factor_analytic,Seed source 2021,S600.range,S600.row,plot_name,Weight,Moisture,Test weight,Quick note,Harvest.Sequence.,action,Found
1,IL16LCSDH-09-T-2664-20,72.46,76.62,92.27,107.4,110.96,116,95.95,DH_Urb_21-plot1007,,,,,,,,,,
2,IL16LCSDH-09-T-2664-23,81.17,76.38,91.84,104.07,107.26,113.96,95.78,DH_Urb_21-plot1008,,,,,,,,,,
3,IL16LCSDH-09-T-2664-28,77.04,75.57,96.53,100.07,109.21,110.54,94.83,DH_Urb_21-plot1011,,,,,,,,,,
4,IL16LCSDH-09-T-2664-16,83.75,77.85,94.65,97.8,108.36,105.88,94.72,DH_Urb_21-plot1005,,,,,,,,,,
5,IL16LCSDH-08-T-2663-55,77.15,72.07,91.19,103.49,110.35,113.19,94.57,DH_Urb_21-plot913,,,,,,,,,,
6,IL16LCSDH-08-T-2663-21,83.54,77.46,88.99,100.74,106.89,109.12,94.46,DH_Urb_21-plot905,,,,,,,,,,
7,IL16LCSDH-04-T-2659-207,94.3,74.08,92.57,96.9,105.65,102.79,94.38,DH_Urb_21-plot1406,,,,,,,,,,
8,IL16LCSDH-07-T-2662-202,74.51,76.57,90.21,103.03,107.24,114.12,94.28,DH_Urb_21-plot1607,,,,,,,,,,
9,IL16LCSDH-04-T-2659-3,80.25,74.36,93.25,100.5,108.07,109.19,94.27,DH_Urb_21-plot504,,,,,,,,,,
10,IL16LCSDH-09-T-2664-27,77.83,76.05,91.86,100.4,108.49,110.31,94.16,DH_Urb_21-plot1010,,,,,,,,,,
11,IL16LCSDH-04-T-2659-216,84.31,76.38,91.45,97.07,106.54,108.19,93.99,DH_Urb_21-plot1411,,,,,,,,,,
12,IL16LCSDH-09-T-2664-40,77.56,73.24,93.19,99.16,108.04,112.23,93.9,DH_Urb_21-plot1017,,,,,,,,,,
13,IL16LCSDH-10-T-2665-21,82.59,74.65,90.17,101.63,103.69,109.61,93.72,DH_Urb_21-plot1114,,,,,,,,,,
14,IL16LCSDH-09-T-2664-36,75.02,73.69,92.91,100.65,108.91,110.9,93.68,DH_Urb_21-plot1016,,,,,,,,,,
15,2020-16738,73.45,74.44,90.35,105.04,107.41,110.31,93.5,Aug_Urb_21-plot7914,14,7,SI_Urb_22-194,7.51,11.6,59.5,,374,KEEP,TRUE
16,2020-16758,72.88,73.03,90.34,104.16,106.77,113.57,93.46,Aug_Urb_21-plot7918,15,7,SI_Urb_22-195,7.77,11.6,58.7,,375,KEEP,TRUE
17,2020-5376,74.98,78,90.71,100.71,106.13,110.03,93.43,Aug_Urb_21-plot2809,2,3,SI_Urb_22-62,7.66,11.6,61.3,,122,KEEP,TRUE
18,IL16LCSDH-09-T-2664-24,79.74,74.28,93.29,98.56,107.7,106.21,93.3,DH_Urb_21-plot1009,,,,,,,,,,
19,2020-6148,75.79,79.31,90.58,99.23,106.49,106.54,92.99,Aug_Urb_21-plot3112,13,3,SI_Urb_22-73,7.21,11.9,60.7,,133,KEEP,TRUE
,07-19334,87.19,74.14,89.07,96.02,105.1,105.66,92.86,Checks,,,,,,,,,,
20,IL16LCSDH-09-T-2664-30,75.63,74.43,91.09,99.51,105.92,109.99,92.76,DH_Urb_21-plot1012,,,,,,,,,,
21,2020-14116,74.26,76.23,90.16,99.7,105.8,110.05,92.7,Aug_Urb_21-plot6506,21,6,SI_Urb_22-160,6.49,11.3,59.5,,321,KEEP,TRUE
22,IL16LCSDH-06-T-2661-17,57.95,75.49,91.7,106.01,108.73,115.75,92.61,DH_Urb_21-plot616,,,,,,,,,,
23,2020-15256,73.77,76.31,89.89,100.65,105.25,109.78,92.61,Aug_Urb_21-plot7014,13,6,SI_Urb_22-168,7.97,11.9,60.4,,313,KEEP,TRUE
24,IL16LCSDH-10-T-2665-52,80.59,71.77,90.6,99.89,102.69,109.76,92.55,DH_Urb_21-plot1214,,,,,,,,,,
25,2020-1956,72.33,73.97,89.23,103.35,105.33,109.41,92.27,Aug_Urb_21-plot1001,24,1,SI_Urb_22-24,5.92,11.6,55.9,,24,KEEP,TRUE
26,IL16LCSDH-06-T-2661-228,73.07,73.56,86.91,102.74,106.17,111,92.24,DH2_Urb_21-plot704,,,,,,,,,,
,16-8048,76.92,76.97,93.89,93.03,105,106.79,92.1,Checks,,,,,,,,,,
27,IL16LCSDH-01-T-863-87,80.91,72.85,89.54,98.87,103.39,106.86,92.07,DH_Urb_21-plot120,,,,,,,,,,
28,IL16LCSDH-04-T-2659-225,87.98,73.45,91.81,93,102.87,103.31,92.07,DH_Urb_21-plot1418,,,,,,,,,,
29,IL16LCSDH-06-T-2661-206,77.56,72.92,91.38,101.55,101.7,107.12,92.04,DH_Urb_21-plot1509,,,,,,,,,,
30,IL16LCSDH-01-T-863-58,76.13,72.97,88.69,99.98,105.59,108.76,92.02,DH_Urb_21-plot106,,,,,,,,,,
31,IL16LCSDH-09-T-2664-43,76.7,71.16,92.31,96.32,106.96,108.28,91.96,DH_Urb_21-plot1019,,,,,,,,,,
32,2020-13967,73.43,74.59,89.44,98.44,105.16,109.65,91.78,Aug_Urb_21-plot6412,23,6,SI_Urb_22-158,7.03,11.3,59.2,,323,KEEP,TRUE
33,2020-16727,71.19,71.31,88.58,104.71,105.8,108.38,91.66,Aug_Urb_21-plot7912,13,7,SI_Urb_22-193,7.9,11.4,59,,373,KEEP,TRUE
34,IL16LCSDH-10-T-2665-41,68.73,72.3,90.22,100.84,105.13,112.07,91.55,DH_Urb_21-plot1208,,,,,,,,,,
,Pio 25R74,79.52,74.42,89.13,96.96,104.94,103.47,91.41,Checks,,,,,,,,,,
35,IL16LCSDH-07-T-2662-203,78.89,75.54,86.29,100.8,100.92,103.77,91.03,DH_Urb_21-plot1608,,,,,,,,,,
36,2020-2334,71.59,74.05,88.17,101.65,103.71,106.96,91.02,Aug_Urb_21-plot1207,27,2,SI_Urb_22-34,7.42,11.7,60.9,,87,KEEP,TRUE
37,IL16LCSDH-04-T-2659-20,92.22,71.63,90.37,91.81,98.55,101.25,90.97,DH_Urb_21-plot514,,,,,,,,,,
38,IL16LCSDH-07-T-2662-225,81.81,72.77,88.42,96.42,101.31,104.87,90.93,DH_Urb_21-plot1618,,,,,,,,,,
39,2020-9801,72.48,74.97,88.42,98.18,103.38,107.5,90.82,Aug_Urb_21-plot4701,12,4,SI_Urb_22-109,7.95,11.6,61.6,,192,KEEP,TRUE
40,2020-11422,75.2,77.17,89.22,93.23,105.25,104.19,90.71,Aug_Urb_21-plot5507,14,5,SI_Urb_22-134,6.76,11.6,60.1,,254,KEEP,TRUE
41,IL16LCSDH-11-T-2666-206,83.42,72.07,83.39,94.51,105.17,105.2,90.63,DH_Urb_21-plot1714,,,,,,,,,,
42,IL16LCSDH-09-T-2664-18,68.15,70.79,87.21,101.19,106.51,109.95,90.63,DH_Urb_21-plot1006,,,,,,,,,,
43,IL16LCSDH-10-T-2665-22,71.55,72.56,87.13,102.5,101.88,108.07,90.61,DH_Urb_21-plot1115,,,,,,,,,,
44,2020-2864,72.92,74.97,88.42,97.45,104.09,105.79,90.61,Aug_Urb_21-plot1510,20,2,SI_Urb_22-41,5.71,11.7,60.1,,80,KEEP,TRUE
45,2020-6254,72.09,74.82,88.15,98.26,102.86,107.45,90.61,Aug_Urb_21-plot3209,19,3,SI_Urb_22-79,5.88,11.6,60.5,,139,KEEP,TRUE
46,2020-6205,71.96,76.05,87.89,99.85,102.53,105.26,90.59,Aug_Urb_21-plot3202,17,3,SI_Urb_22-77,6.34,12,61.4,,137,KEEP,TRUE
47,2020-2010,72.89,77.23,88.23,97.06,102.32,105.76,90.58,Aug_Urb_21-plot1007,25,1,SI_Urb_22-25,7.37,11.4,62,,25,KEEP,TRUE
48,IL16LCSDH-06-T-2661-39,84.2,71.11,88.14,93.62,100.84,105.06,90.5,DH2_Urb_21-plot507,,,,,,,,,,
49,IL16LCSDH-04-T-2659-8,92.35,75.35,86.47,91.08,95.73,100.66,90.27,DH_Urb_21-plot507,,,,,,,,,,
50,IL16LCSDH-04-T-2659-232,75.41,70.89,91.85,96.34,102.05,104.72,90.21,DH_Urb_21-plot1502,,,,,,,,,,
51,2020-17132,72.52,75.27,87.88,95.83,102.69,105.51,89.95,Aug_Urb_21-plot8209,22,7,SI_Urb_22-202,6.88,11.4,59.5,,382,KEEP,TRUE
52,IL16LCSDH-02-T-864-59,70.81,75.02,88.67,97.45,101.89,105.37,89.87,DH_Urb_21-plot407,,,,,,,,,,
53,2020-6435,70.31,72.28,87.08,99.94,102.22,106.59,89.74,Aug_Urb_21-plot3216,22,3,SI_Urb_22-82,6.12,11.9,61.3,,142,KEEP,TRUE
54,2020-17118,70.34,71.62,87.09,100.04,102.82,106.15,89.68,Aug_Urb_21-plot8204,21,7,SI_Urb_22-201,6.81,11.5,59.2,,381,KEEP,TRUE
55,2020-17555,69.93,71.6,87.03,99.27,101.6,108.62,89.67,Aug_Urb_21-plot8513,30,7,SI_Urb_22-210,6.58,11.2,60.8,,390,KEEP,TRUE
56,2020-13902,70.29,73.11,86.9,99.86,101.66,105.72,89.59,Aug_Urb_21-plot6407,24,6,SI_Urb_22-157,7.03,11.6,60.1,,324,KEEP,TRUE
57,2020-10435,71.63,72.51,87.58,95.05,102.6,107.72,89.52,Aug_Urb_21-plot5117,8,5,SI_Urb_22-128,8.01,11.4,61.3,,248,KEEP,TRUE
58,2020-7737,71.15,75.57,86.95,98.6,101.25,103.48,89.5,Aug_Urb_21-plot3903,28,4,SI_Urb_22-93,7.45,11.4,61.8,,208,KEEP,TRUE
59,2020-11157,70.76,75.08,86.91,97.98,100.46,105.73,89.49,Aug_Urb_21-plot5407,12,5,SI_Urb_22-132,8.16,11.5,60.8,,252,KEEP,TRUE
60,2020-16035,71.24,72.82,87.16,97.45,102.82,104.65,89.36,Aug_Urb_21-plot7502,3,7,SI_Urb_22-183,8.34,11.2,61.1,,363,KEEP,TRUE
61,IL16LCSDH-06-T-2661-12,72.05,70.37,84.91,99.84,101.52,107.33,89.34,DH_Urb_21-plot612,,,,,,,,,,
62,2020-9376,72.27,75.89,87.2,95.41,102,102.41,89.2,Aug_Urb_21-plot4510,14,4,SI_Urb_22-107,6.71,11.7,59.4,,194,KEEP,TRUE
63,IL16LCSDH-04-T-2659-212,75.57,70.77,84.04,96.9,101.66,106.2,89.19,DH_Urb_21-plot1409,,,,,,,,,,
64,2020-3744,71.92,77.99,86.92,95.24,99.81,103.07,89.16,Aug_Urb_21-plot1901,13,2,SI_Urb_22-48,7.03,11.6,58,,73,KEEP,TRUE
65,2020-40034,70.98,74.57,86.84,96.69,100.87,104.96,89.15,Aug_Urb_21-plot4815,29,8,SI_Urb_22-212,7.65,11.3,61.3,,449,KEEP,TRUE
66,2020-10322,69.74,68.91,86.78,99.14,103.31,106.88,89.13,Aug_Urb_21-plot5109,5,5,SI_Urb_22-125,7.55,11.6,59.1,,245,KEEP,TRUE
67,2020-13739,71.81,75.19,87.04,96.11,101.91,102.73,89.13,Aug_Urb_21-plot6312,26,6,SI_Urb_22-155,7.31,11.8,59.7,,326,KEEP,TRUE
68,2020-12650,73.48,75.12,87.7,91.47,103.3,102.87,88.99,Aug_Urb_21-plot5904,23,5,SI_Urb_22-143,6.28,11.7,58,,263,KEEP,TRUE
69,2020-13001,71.37,75.05,86.86,95.52,100.89,104.26,88.99,Aug_Urb_21-plot6005,26,5,SI_Urb_22-146,7.41,11.5,60.9,,266,KEEP,TRUE
70,2020-7719,71.35,74.99,86.85,94.83,100.6,104.87,88.91,Aug_Urb_21-plot3901,29,4,SI_Urb_22-92,7.36,11.8,60.9,,209,KEEP,TRUE
71,2020-15726,71.15,72.22,86.97,95.41,102.34,105.33,88.9,Aug_Urb_21-plot7310,3,6,SI_Urb_22-178,8.07,11.7,60.9,,303,KEEP,TRUE
72,IL16LCSDH-01-T-863-10,80.18,68.15,84.61,98.11,99.34,102.92,88.89,DH2_Urb_21-plot107,,,,,,,,,,
73,2020-7917,72.59,75.81,87.14,93.65,102.1,101.8,88.85,Aug_Urb_21-plot3919,25,4,SI_Urb_22-96,6.92,11.5,63.1,,205,KEEP,TRUE
74,2020-9945,70.98,72.76,86.77,96.28,102.08,104.15,88.84,Aug_Urb_21-plot4720,8,4,SI_Urb_22-113,7.28,11.5,61.7,,188,KEEP,TRUE
75,2020-10303,71.06,72.96,86.85,94.83,101.43,105.71,88.81,Aug_Urb_21-plot5103,4,5,SI_Urb_22-124,7.68,11.7,62.5,,244,KEEP,TRUE
76,2020-16102,69.64,72.41,86.24,98.42,100.6,105.36,88.78,Aug_Urb_21-plot7508,4,7,SI_Urb_22-184,6.88,11.4,61,,364,KEEP,TRUE
77,2020-10415,68.83,68.35,86.3,98.79,101.88,108.27,88.74,Aug_Urb_21-plot5114,7,5,SI_Urb_22-127,7.2,11.3,60.9,,247,KEEP,TRUE
78,IL16LCSDH-07-T-2662-241,75.62,71.8,86.91,94.02,101.38,102.47,88.7,DH_Urb_21-plot1705,,,,,,,,,,
79,19-3269,70.01,74,86.17,97.91,100.11,103.88,88.68,Aug_Urb_20-plot215,,,,,,,,,,
80,2020-11426,70.61,73.44,86.52,95.59,100.64,105.12,88.65,Aug_Urb_21-plot5508,15,5,SI_Urb_22-135,7.63,11.5,60.9,,255,KEEP,TRUE
81,2020-12665,72.16,76.12,86.92,92.65,100.65,103.38,88.65,Aug_Urb_21-plot5908,24,5,SI_Urb_22-144,6.93,11.6,61.2,,264,KEEP,TRUE
82,2020-7021,70.98,75.28,86.34,95.89,100.4,102.2,88.52,Aug_Urb_21-plot3508,26,3,SI_Urb_22-86,7.09,11.9,60.3,,146,KEEP,TRUE
83,2020-2101,72.43,77.19,86.7,93.36,100.95,100.11,88.46,Aug_Urb_21-plot1105,30,1,SI_Urb_22-30,4.46,12.1,60.4,10% cut,30,KEEP,TRUE
84,2020-1842,69.32,71.9,85.86,99.05,100.82,103.44,88.4,Aug_Urb_21-plot910,18,1,SI_Urb_22-18,4.07,0,0,,18,KEEP,TRUE
85,2020-10630,72.5,77.01,86.74,92.34,100.78,100.88,88.38,Aug_Urb_21-plot5212,10,5,SI_Urb_22-130,7.33,11.4,62.9,,250,KEEP,TRUE
86,2020-16022,70.43,74.91,86.12,95.9,99.6,103.34,88.38,Aug_Urb_21-plot7418,2,7,SI_Urb_22-182,7.21,11.1,61.2,,362,KEEP,TRUE
87,2020-6117,70.85,72.71,86.47,94.41,101.26,104.27,88.33,Aug_Urb_21-plot3109,12,3,SI_Urb_22-72,7.52,12,58.8,,132,KEEP,TRUE
88,2020-2749,71.3,74.57,86.43,93.91,100.74,102.66,88.27,Aug_Urb_21-plot1414,23,2,SI_Urb_22-38,6.74,11.5,62.9,,83,KEEP,TRUE
89,2020-10275,70.37,71.82,86.37,94.34,100.89,105.8,88.26,Aug_Urb_21-plot5019,2,5,SI_Urb_22-122,7.28,11.6,60.1,,242,KEEP,TRUE
90,2020-10001,71.11,75.29,86.27,94.39,100.09,102.36,88.25,Aug_Urb_21-plot4808,7,4,SI_Urb_22-114,7.19,11.4,62.2,,187,KEEP,TRUE
91,2020-5416,70.88,75.84,86.08,94.19,99.22,102.56,88.13,Aug_Urb_21-plot2811,3,3,SI_Urb_22-63,7.95,11.3,62.2,,123,KEEP,TRUE
92,2020-1761,70.84,75.04,86.14,94.06,99.63,103.04,88.12,Aug_Urb_21-plot820,17,1,SI_Urb_22-17,4.44,12,60,,17,KEEP,TRUE
93,2020-8648,70.28,76.22,85.76,95.5,98.39,102.33,88.08,Aug_Urb_21-plot4202,20,4,SI_Urb_22-101,5.94,11.8,60.8,,200,KEEP,TRUE
94,2020-571,70.34,72.9,86.02,94.99,100.56,103.18,88,Aug_Urb_21-plot211,2,1,SI_Urb_22-2,3.76,0,0,,2,KEEP,TRUE
95,2020-1362,69.33,73.36,85.48,98.28,99.72,101.85,88,Aug_Urb_21-plot512,9,1,SI_Urb_22-9,6.55,11.6,61.4,,9,KEEP,TRUE
96,2020-6633,70.74,76.3,85.74,96.27,99.72,99.09,87.98,Aug_Urb_21-plot3311,24,3,SI_Urb_22-84,6.86,11.6,62.1,,144,KEEP,TRUE
97,2020-11134,69.74,73.5,85.73,95.8,99.31,103.75,87.97,Aug_Urb_21-plot5403,11,5,SI_Urb_22-131,7.67,11.6,61.1,,251,KEEP,TRUE
98,2020-6415,70.17,71.99,86,95.22,100.96,103.41,87.96,Aug_Urb_21-plot3213,21,3,SI_Urb_22-81,5.29,11.7,61.7,,141,KEEP,TRUE
99,2020-8754,70.21,72.07,86.06,94.18,100.49,104.64,87.94,Aug_Urb_21-plot4213,18,4,SI_Urb_22-103,6.07,11.9,60,,198,KEEP,TRUE
100,IL16LCSDH-01-T-863-6,67.03,72.31,85.85,99.42,98.63,104.22,87.91,DH2_Urb_21-plot105,,,,,,,,,,
101,IL16LCSDH-11-T-2666-208,67.33,70.5,86.26,97.08,102.14,103.85,87.86,DH_Urb_21-plot1716,,,,,,,,,,
102,IL16LCSDH-01-T-863-5,69.06,68.86,83.39,98.48,100.56,106.8,87.86,DH2_Urb_21-plot104,,,,,,,,,,
103,2020-11167,69.4,71.85,85.67,95.68,99.75,104.59,87.82,Aug_Urb_21-plot5408,13,5,SI_Urb_22-133,7.08,11.5,60.8,,253,KEEP,TRUE
104,IL16LCSDH-06-T-2661-202,71.24,71.92,86.74,97.01,97.25,102.54,87.78,DH_Urb_21-plot1508,,,,,,,,,,
105,2020-3234,69.8,70.42,85.89,95.22,101.36,104.02,87.78,Aug_Urb_21-plot1616,17,2,SI_Urb_22-44,6.01,11.8,59.8,,77,KEEP,TRUE
106,2020-2770,69.12,71.98,85.39,96.57,99.63,103.22,87.65,Aug_Urb_21-plot1420,22,2,SI_Urb_22-39,6.5,11.6,62.5,,82,KEEP,
107,2020-5361,68.89,75.91,85.01,96.43,96.41,103.21,87.64,Aug_Urb_21-plot2807,1,2,SI_Urb_22-60,6.7,11.4,61.5,,61,KEEP,TRUE
108,2020-6010,71.34,74.39,85.95,93.49,101.17,99.22,87.59,Aug_Urb_21-plot3013,9,3,SI_Urb_22-69,7.31,12,61.5,,129,KEEP,TRUE
109,2020-17017,70.59,76.33,85.65,92.3,97.74,102.77,87.56,Aug_Urb_21-plot8111,19,7,SI_Urb_22-199,7.33,11.1,61.6,,379,KEEP,TRUE
110,2020-4907,70.55,75.11,85.52,94.71,99.68,99.41,87.5,Aug_Urb_21-plot2603,9,2,SI_Urb_22-52,6.34,11.8,60.9,,69,KEEP,TRUE
111,2020-1847,69.34,75.21,84.96,97.35,98.41,99.33,87.43,Aug_Urb_21-plot911,19,1,SI_Urb_22-19,4.01,0,0,,19,KEEP,TRUE
112,2020-7369,69.01,71.94,85.12,97.1,99.83,101.35,87.39,Aug_Urb_21-plot3709,29,3,SI_Urb_22-89,6.93,11.8,60.5,,149,KEEP,TRUE
113,IL16LCSDH-07-T-2662-47,70.18,69.64,86.15,98.57,97.34,102.24,87.35,DH_Urb_21-plot815,,,,,,,,,,
114,IL16LCSDH-10-T-2665-42,81.03,73.76,86.99,90.31,98.19,93.83,87.35,DH_Urb_21-plot1209,,,,,,,,,,
115,2020-9856,69.88,69.6,85.72,93.55,101.58,103.54,87.31,Aug_Urb_21-plot4708,9,4,SI_Urb_22-112,7.99,11.6,62.2,,189,KEEP,TRUE
116,2020-13145,69,72.8,85.1,94.96,98.28,103.49,87.27,Aug_Urb_21-plot6020,28,5,SI_Urb_22-148,7.33,11.4,60.5,,268,KEEP,TRUE
117,2020-7024,69.58,73.5,85.16,95.32,99.19,100.8,87.26,Aug_Urb_21-plot3509,27,3,SI_Urb_22-87,7.34,11.6,62.5,,147,KEEP,TRUE
118,2020-6171,71.2,76.7,85.49,93.01,99.3,97.8,87.25,Aug_Urb_21-plot3115,15,3,SI_Urb_22-75,6.97,11.7,61.1,mixed with 16,135,KEEP,TRUE
119,2020-1511,70.9,74.51,85.54,93.29,100.29,98.79,87.22,Aug_Urb_21-plot613,10,1,SI_Urb_22-10,6.33,11.6,62.5,,10,KEEP,TRUE
120,2020-16641,70.88,73.71,85.6,92.8,100.59,99.46,87.17,Aug_Urb_21-plot7903,12,7,SI_Urb_22-192,7.03,11,60.8,,372,KEEP,TRUE
121,IL16LCSDH-06-T-2661-19,58.89,73.39,85.58,97.91,100.86,106.21,87.14,DH2_Urb_21-plot504,,,,,,,,,,
122,IL16LCSDH-11-T-2666-212,69.46,71.46,84.64,95.76,99.7,101.72,87.12,DH_Urb_21-plot1719,,,,,,,,,,
123,IL16LCSDH-07-T-2662-201,68.35,75.21,83.92,94.27,99.54,101.4,87.11,DH_Urb_21-plot1606,,,,,,,,,,
124,2020-16118,69.47,71.74,85.16,95.14,100.16,100.93,87.1,Aug_Urb_21-plot7511,5,7,SI_Urb_22-185,6.89,11.3,61.4,,365,KEEP,TRUE
125,2020-15403,71.16,71.54,85.92,90.89,101.78,101.27,87.09,Aug_Urb_21-plot7112,11,6,SI_Urb_22-170,7.21,11.3,62.6,,311,KEEP,TRUE
126,IL16LCSDH-01-T-863-92,72.74,75.34,83.45,92.39,99.33,99.21,87.08,DH_Urb_21-plot204,,,,,,,,,,
127,2020-4951,71.27,74.52,85.67,91.21,100.16,99.6,87.07,Aug_Urb_21-plot2609,8,2,SI_Urb_22-53,6.96,11.9,60.4,,68,KEEP,TRUE
128,2020-6154,71.45,78.21,85.42,91.16,98.02,98.16,87.07,Aug_Urb_21-plot3113,14,3,SI_Urb_22-74,6.77,12,61.1,,134,KEEP,TRUE
129,2020-6116,69.61,73.15,85.15,93.23,98.65,102.27,87.01,Aug_Urb_21-plot3108,11,3,SI_Urb_22-71,7.64,11.7,62.5,,131,KEEP,TRUE
130,IL16LCSDH-06-T-2661-212,65.65,69.91,82.36,97.71,100.94,105.38,86.99,DH_Urb_21-plot1512,,,,,,,,,,
131,IL16LCSDH-02-T-864-38,71.6,65.02,85.12,100.58,98.26,101.26,86.97,DH_Urb_21-plot401,,,,,,,,,,
132,IL16LCSDH-02-T-864-54,64.14,70.03,84.47,95.46,102.67,104.53,86.88,DH_Urb_21-plot406,,,,,,,,,,
133,2020-3607,69.92,72.13,85.15,93.96,100.43,99.58,86.86,Aug_Urb_21-plot1719,15,2,SI_Urb_22-46,7.08,11.5,62.1,,75,KEEP,TRUE
134,2020-2037,68.3,69.56,84.79,95.49,99.55,103.3,86.83,Aug_Urb_21-plot1015,28,1,SI_Urb_22-28,7.25,11.5,60.4,,28,KEEP,TRUE
135,2020-5545,68.25,72.03,84.53,95.91,97.98,102.16,86.81,Aug_Urb_21-plot2906,6,3,SI_Urb_22-66,6.67,11.2,63.2,,126,KEEP,TRUE
136,2020-5871,69.7,74.46,84.87,93.6,98.26,99.88,86.8,Aug_Urb_21-plot3009,8,3,SI_Urb_22-68,6.51,11.6,61.6,,128,KEEP,TRUE
137,2020-9828,69.57,72.91,84.97,93.36,98.92,100.96,86.78,Aug_Urb_21-plot4705,10,4,SI_Urb_22-111,7.26,11.6,62.2,,190,KEEP,TRUE
138,2020-14872,69.66,73.04,85.09,91.72,98.25,102.85,86.77,Aug_Urb_21-plot6818,17,6,SI_Urb_22-164,6.5,12,62.3,,317,KEEP,TRUE
139,IL16LCSDH-02-T-864-63,60.69,72.91,85.38,96.58,100.25,104.77,86.76,DH_Urb_21-plot409,,,,,,,,,,
140,IL16LCSDH-01-T-863-32,60.9,70.32,80.26,100.73,101.49,106.81,86.75,DH2_Urb_21-plot116,,,,,,,,,,
,2020-13011,69.06,71.81,84.85,93.96,98.94,101.83,86.74,Aug_Urb_21-plot6006,27,5,SI_Urb_22-147,6.71,11.8,60.1,,267,KEEP,TRUE
,2020-17006,69,72.26,84.79,93.21,98.19,102.56,86.67,Aug_Urb_21-plot8108,18,7,SI_Urb_22-198,7.08,11.2,61.6,,378,KEEP,TRUE
,2020-13223,68.67,72.74,84.6,93.66,97.4,102.71,86.63,Aug_Urb_21-plot6104,29,5,SI_Urb_22-149,7.43,12.5,59.6,,269,KEEP,TRUE
,2020-6909,69.67,73.09,84.86,93.33,99.09,99.71,86.62,Aug_Urb_21-plot3415,25,3,SI_Urb_22-85,7.09,11.7,62.2,,145,KEEP,TRUE
,2020-3205,70.4,75.75,84.89,92.32,98.35,97.87,86.6,Aug_Urb_21-plot1610,19,2,SI_Urb_22-42,6.36,11.3,60.1,,79,KEEP,TRUE
,IL16LCSDH-02-T-864-6,64.89,72.06,84.04,95.83,100.31,102.23,86.56,DH2_Urb_21-plot304,,,,,,,,,,
,2020-14337,69.58,73.73,84.81,91.93,97.86,101.31,86.54,Aug_Urb_21-plot6602,19,6,SI_Urb_22-162,6.93,11.7,60.1,,319,KEEP,TRUE
,2020-5827,68.95,71.43,84.53,95.46,99.85,98.59,86.47,Aug_Urb_21-plot3005,7,3,SI_Urb_22-67,6.5,12,61.5,,127,KEEP,TRUE
,2020-8628,68.56,70.05,84.72,92.68,98.64,104.09,86.46,Aug_Urb_21-plot4201,21,4,SI_Urb_22-100,6.01,11.8,59.9,,201,KEEP,TRUE
,IL16LCSDH-07-T-2662-237,73.84,70.2,86.12,91.37,96.62,100.57,86.45,DH_Urb_21-plot1704,,,,,,,,,,
,2020-16145,68.79,73.22,84.52,92.71,97,102.45,86.45,Aug_Urb_21-plot7515,6,7,SI_Urb_22-186,6.43,11.2,62.3,,366,KEEP,TRUE
,2020-10278,68.38,71.93,84.45,93.36,97.33,103.12,86.43,Aug_Urb_21-plot5020,3,5,SI_Urb_22-123,7.28,11.9,59.7,,243,KEEP,TRUE
,2020-2318,69.16,72.9,84.61,92.81,98.05,100.95,86.41,Aug_Urb_21-plot1203,29,2,SI_Urb_22-32,7.03,11.6,62,,89,KEEP,TRUE
,IL16LCSDH-06-T-2661-9,59.81,70.74,84.85,95.71,99.41,107.73,86.38,DH2_Urb_21-plot503,,,,,,,,,,
,IL16LCSDH-01-T-863-121,72.25,70.74,85.69,91.19,98.06,100.36,86.38,DH_Urb_21-plot213,,,,,,,,,,
,2020-1643,68.38,73.5,84.15,95.31,97.24,99.68,86.38,Aug_Urb_21-plot713,13,1,SI_Urb_22-13,6.83,11.9,62.3,,13,KEEP,TRUE
,2020-1919,68.12,72.16,84.29,93.65,96.82,103.12,86.36,Aug_Urb_21-plot919,23,1,SI_Urb_22-23,6.51,11.8,60.7,,23,KEEP,TRUE
,2020-13814,69.24,71.41,84.65,93.51,99.59,99.72,86.35,Aug_Urb_21-plot6319,25,6,SI_Urb_22-156,6.9,11.5,61.8,,325,KEEP,TRUE
,2020-10026,68.43,73.41,84.12,95.36,97.47,99.15,86.32,Aug_Urb_21-plot4813,5,4,SI_Urb_22-116,7.46,11.2,61.5,,185,KEEP,TRUE
,2020-2330,67.79,73.59,84.01,94.16,95.43,102.91,86.32,Aug_Urb_21-plot1206,28,2,SI_Urb_22-33,6.96,11.7,59.6,,88,KEEP,TRUE
,19-21652,68.95,73.99,84.39,92.75,96.91,100.9,86.32,Aug_Urb_20-plot4607,,,,,,,,,,
,IL16LCSDH-01-T-863-72,67.34,67.96,82.4,96.99,99.87,102.88,86.24,DH2_Urb_21-plot214,,,,,,,,,,
,IL16LCSDH-01-T-863-63,62.25,70.85,79.35,95.58,103.33,105.97,86.22,DH_Urb_21-plot111,,,,,,,,,,
,2020-1862,66.81,69.81,83.74,97.7,97.73,101.49,86.21,Aug_Urb_21-plot912,20,1,SI_Urb_22-20,5.79,12.8,57,,20,KEEP,TRUE
,2020-2032,68.46,73.77,84.1,93.85,96.64,100.32,86.19,Aug_Urb_21-plot1012,26,1,SI_Urb_22-26,7.67,11.6,61.1,,26,KEEP,TRUE
,IL16LCSDH-06-T-2661-52,66.25,75.56,86.22,94.25,94.79,99.9,86.16,DH_Urb_21-plot706,,,,,,,,,,
,2020-10038,69.3,73.06,84.43,92.78,98.38,98.96,86.15,Aug_Urb_21-plot4816,4,4,SI_Urb_22-117,7.29,11.7,62.3,,184,KEEP,TRUE
,IL16LCSDH-06-T-2661-21,77.31,70.33,84.22,92.16,94.85,97.9,86.13,DH2_Urb_21-plot505,,,,,,,,,,
,2020-2068,68.63,76.01,83.92,93.72,95.46,98.98,86.12,Aug_Urb_21-plot1101,29,1,SI_Urb_22-29,7.58,11.6,62.2,,29,KEEP,TRUE
,2020-7035,68.83,70.78,84.41,93.1,99.13,100.25,86.08,Aug_Urb_21-plot3511,28,3,SI_Urb_22-88,6.96,11.8,60.8,,148,KEEP,TRUE
,2020-17458,66.57,72.64,83.29,97.77,95.45,100.47,86.03,Aug_Urb_21-plot8503,29,7,SI_Urb_22-209,6.57,11.5,59.8,,389,KEEP,TRUE
,IL16LCSDH-07-T-2662-23,76.11,67.37,84.19,92.02,96.84,99.46,86,DH_Urb_21-plot808,,,,,,,,,,
,2020-2775,68.64,73.68,84.07,92.86,96.73,99.93,85.98,Aug_Urb_21-plot1501,21,2,SI_Urb_22-40,6.11,11.5,61.1,,81,KEEP,TRUE
,2020-15429,69.38,73.79,84.27,92.27,97.92,98.1,85.96,Aug_Urb_21-plot7118,7,6,SI_Urb_22-174,6.7,11.3,62.6,,307,KEEP,TRUE
,2020-13527,71.2,75.22,84.89,88.17,98.81,97.16,85.91,Aug_Urb_21-plot6213,30,6,SI_Urb_22-151,6.24,11.8,60.5,,330,KEEP,TRUE
,2020-17154,68.87,70.22,84.45,91.46,98.91,101.58,85.91,Aug_Urb_21-plot8217,23,7,SI_Urb_22-203,6.65,12,58.2,,383,KEEP,TRUE
,2020-8608,69.13,72.72,84.29,91.6,97.85,99.73,85.89,Aug_Urb_21-plot4118,22,4,SI_Urb_22-99,6.25,11.7,61.4,,202,KEEP,TRUE
,2020-5250,69.18,73.83,84.15,91.91,97.38,98.58,85.84,Aug_Urb_21-plot2714,5,2,SI_Urb_22-56,6.72,11.7,62.7,,65,KEEP,TRUE
,2020-17110,67.46,70.63,83.78,93.97,96.98,102.02,85.81,Aug_Urb_21-plot8201,20,7,SI_Urb_22-200,6.43,11.9,58.4,,380,KEEP,TRUE
,2020-10267,67.78,67.21,84.08,94.64,100.29,100.72,85.79,Aug_Urb_21-plot5015,1,5,SI_Urb_22-121,7.12,11.2,61.7,,241,KEEP,TRUE
,19-20337,68.56,66.87,84.44,92.61,101.19,100.88,85.76,Aug_Urb_20-plot4203,,,,,,,,,,
,IL16LCSDH-07-T-2662-21,67.27,72.09,87.17,89.96,97.66,100.35,85.75,DH_Urb_21-plot805,,,,,,,,,,
,2020-10050,67.96,71.54,83.75,94.64,97.77,98.8,85.74,Aug_Urb_21-plot4820,3,4,SI_Urb_22-118,7.63,11.8,61.3,,183,KEEP,TRUE
,IL16LCSDH-02-T-864-5,63.77,69.03,85.49,96.69,99.23,100.06,85.71,DH2_Urb_21-plot303,,,,,,,,,,
,IL16LCSDH-06-T-2661-234,65.5,72.63,86.1,89.67,98.61,101.51,85.67,DH_Urb_21-plot1605,,,,,,,,,,
,2020-1578,68.14,73.24,83.65,93.89,96.67,98.44,85.67,Aug_Urb_21-plot705,12,1,SI_Urb_22-12,6.25,11.7,62.2,,12,KEEP,TRUE
,2020-9168,69.58,74.48,83.94,92.55,98.25,94.53,85.56,Aug_Urb_21-plot4408,16,4,SI_Urb_22-105,6.42,11.3,62.1,,196,KEEP,TRUE
,IL16LCSDH-02-T-864-8,68.79,74.73,84.85,89.74,97.52,97.17,85.47,DH2_Urb_21-plot306,,,,,,,,,,
,IL16LCSDH-01-T-863-52,56.32,72.08,83.02,97.95,99.77,103.54,85.45,DH_Urb_21-plot102,,,,,,,,,,
,2020-2615,67.17,73.28,83.22,93.65,94.66,100.64,85.44,Aug_Urb_21-plot1406,24,2,SI_Urb_22-37,6.87,11.7,61.8,,84,KEEP,TRUE
,2020-17163,71.02,75.39,84.54,86.88,98.01,96.7,85.42,Aug_Urb_21-plot8219,24,7,SI_Urb_22-204,6.51,11.2,60.7,,384,KEEP,TRUE
,2020-11841,66.56,70.17,83.07,96.26,96.79,99.33,85.36,Aug_Urb_21-plot5709,19,5,SI_Urb_22-139,5.7,12,61.1,,259,KEEP,TRUE
,2020-16521,67.29,73.81,83.21,92.07,93.88,101.54,85.3,Aug_Urb_21-plot7804,9,7,SI_Urb_22-189,7.45,11.2,61,,369,KEEP,TRUE
,IL16LCSDH-04-T-2659-23,81.3,72.75,80.08,88.35,92.7,96.16,85.22,DH_Urb_21-plot516,,,,,,,,,,
,2020-14253,68.72,73.38,83.59,91.42,96.89,97.16,85.19,Aug_Urb_21-plot6518,20,6,SI_Urb_22-161,5.8,12.2,60.2,,320,KEEP,
,2020-17445,69.42,75.17,83.8,88.96,95.97,97.78,85.18,Aug_Urb_21-plot8420,27,7,SI_Urb_22-207,6.93,11.3,61.5,,387,KEEP,TRUE
,IL16LCSDH-10-T-2665-20,55.99,74.54,83.79,95.31,100.37,100.87,85.15,DH_Urb_21-plot1113,,,,,,,,,,
,2020-1739,67.53,69.63,83.52,91.35,96.97,101.7,85.12,Aug_Urb_21-plot811,14,1,SI_Urb_22-14,5.84,11.7,59.7,,14,KEEP,TRUE
,2020-3614,69.39,73.35,83.79,90.28,97.83,96,85.11,Aug_Urb_21-plot1802,14,2,SI_Urb_22-47,6.48,11.7,62.1,,74,KEEP,TRUE
,IL16LCSDH-04-T-2659-231,77.34,74.47,82.95,87.74,94.36,93.62,85.08,DH_Urb_21-plot1501,,,,,,,,,,
,IL16LCSDH-10-T-2665-54,58.25,73.52,84.34,94.42,97.39,102.53,85.08,DH_Urb_21-plot1215,,,,,,,,,,
,2020-16902,69.88,71.58,84.3,86.47,98.22,99.98,85.07,Aug_Urb_21-plot8011,16,7,SI_Urb_22-196,6.94,11.3,62.6,,376,KEEP,TRUE
,2020-10023,67.24,70.34,83.28,92.16,96.33,100.94,85.05,Aug_Urb_21-plot4812,6,4,SI_Urb_22-115,7.05,11.7,61.5,,186,KEEP,TRUE
,2020-15209,68.5,71.32,83.73,89.31,96.91,100.54,85.05,Aug_Urb_21-plot7009,15,6,SI_Urb_22-166,7.61,11.7,60.4,,315,KEEP,TRUE
,IL16LCSDH-11-T-2666-220,72.12,69.24,79.82,90.91,99.19,98.98,85.04,DH_Urb_21-plot1804,,,,,,,,,,
,2020-16228,67.35,71.64,83.12,92.8,96,99.13,85.01,Aug_Urb_21-plot7610,7,7,SI_Urb_22-187,6.55,11.1,62.3,,367,KEEP,TRUE
,2020-5369,66.85,71.1,82.9,94.6,96.19,98.37,85,Aug_Urb_21-plot2808,1,3,SI_Urb_22-61,6.77,11.4,61.5,,121,KEEP,TRUE
,2020-7535,68.31,72.05,83.43,91.62,97.16,97.46,85,Aug_Urb_21-plot3809,30,4,SI_Urb_22-91,6.86,11.8,61.8,,210,KEEP,TRUE
,IL16LCSDH-02-T-864-29,60.19,72.45,83.38,92.88,100.65,100.12,84.94,DH_Urb_21-plot317,,,,,,,,,,
,2020-10222,66.85,68.44,83.16,93.22,97.4,100.48,84.92,Aug_Urb_21-plot5008,1,4,SI_Urb_22-120,7.43,11.4,61.5,,181,KEEP,TRUE
,2020-13707,68.03,70.1,83.47,90.77,97.58,99.3,84.88,Aug_Urb_21-plot6306,29,6,SI_Urb_22-152,7.32,12.1,59.4,,329,KEEP,TRUE
,2020-6103,67.42,74.52,82.82,92.63,94.19,97.68,84.88,Aug_Urb_21-plot3105,10,3,SI_Urb_22-70,7.47,11.8,61.5,,130,KEEP,TRUE
,2020-3530,67.6,71.45,83.17,91.65,96.18,99.13,84.86,Aug_Urb_21-plot1713,16,2,SI_Urb_22-45,5.85,11.6,61.8,,76,KEEP,TRUE
,2020-15810,66.86,70.05,82.96,93.34,96.42,99.46,84.85,Aug_Urb_21-plot7320,2,6,SI_Urb_22-179,7.35,11.4,62.5,,302,KEEP,TRUE
,2020-16637,68.71,76.04,83.23,89.22,94.26,97.45,84.82,Aug_Urb_21-plot7902,11,7,SI_Urb_22-191,7.54,10.9,62.9,,371,KEEP,TRUE
,2020-9638,67.42,75.35,82.72,92.31,93.52,97.52,84.81,Aug_Urb_21-plot4609,13,4,SI_Urb_22-108,6.96,11.7,61.5,,193,KEEP,TRUE
,2020-15961,69.09,74.02,83.51,88.8,96.22,97.15,84.8,Aug_Urb_21-plot7413,1,7,SI_Urb_22-181,6.26,11.4,61.8,,361,KEEP,TRUE
,2020-15438,69.5,74.53,83.62,88.19,96.44,96.47,84.79,Aug_Urb_21-plot7201,6,6,SI_Urb_22-175,6.86,11.4,62.9,,306,KEEP,TRUE
,2020-2034,68.16,72.65,83.15,91.55,96.57,96.44,84.75,Aug_Urb_21-plot1013,27,1,SI_Urb_22-27,6.92,11.8,59.2,,27,KEEP,TRUE
,2020-4878,67.7,72.72,82.96,92.19,95.87,97.01,84.74,Aug_Urb_21-plot2601,10,2,SI_Urb_22-51,7.34,11.7,62.4,,70,KEEP,TRUE
,2020-1908,66.9,72.33,82.66,92.89,94.87,98.28,84.66,Aug_Urb_21-plot917,22,1,SI_Urb_22-22,5.8,12,58.9,,22,KEEP,TRUE
,IL16LCSDH-03-T-865-28,58.14,71.38,82.43,95.14,97.29,102.98,84.56,DH2_Urb_21-plot416,,,,,,,,,,
,2020-7877,67.84,73.13,82.72,92.47,96.19,94.4,84.46,Aug_Urb_21-plot3918,26,4,SI_Urb_22-95,7.35,11.5,61.8,,206,KEEP,TRUE
,2020-1759,66.23,70.28,82.45,93.35,95.22,99.09,84.44,Aug_Urb_21-plot819,16,1,SI_Urb_22-16,4.83,12,59.4,,16,KEEP,TRUE
,2020-1865,65.92,71.14,82.26,93.9,94.24,99.21,84.44,Aug_Urb_21-plot913,21,1,SI_Urb_22-21,5.56,12.6,57.4,,21,KEEP,TRUE
,2020-2335,66.32,68.13,82.7,92.44,96.42,100.55,84.43,Aug_Urb_21-plot1208,26,2,SI_Urb_22-35,7.37,11.5,60.8,,86,KEEP,TRUE
,IL16LCSDH-07-T-2662-22,56.31,70.53,83.33,94.59,100.65,101.08,84.42,DH_Urb_21-plot807,,,,,,,,,,
,2020-11551,66.77,71.96,82.47,92.13,94.67,98.09,84.35,Aug_Urb_21-plot5603,16,5,SI_Urb_22-136,6.37,11.6,61.3,,256,KEEP,TRUE
,2020-8922,67.53,69.09,82.97,91.08,97.69,97.63,84.33,Aug_Urb_21-plot4305,17,4,SI_Urb_22-104,6.38,11.6,62.7,,197,KEEP,TRUE
,2020-5533,67.69,71.31,82.84,90.91,96.45,96.78,84.33,Aug_Urb_21-plot2903,4,3,SI_Urb_22-64,6.75,11.2,62.5,,124,KEEP,TRUE
,2020-6223,66.94,73,82.4,90.92,93.83,98.08,84.19,Aug_Urb_21-plot3203,18,3,SI_Urb_22-78,6.18,11.9,59.7,,138,KEEP,TRUE
,2020-1314,68.12,74.1,82.75,88.33,94.33,97.16,84.13,Aug_Urb_21-plot506,8,1,SI_Urb_22-8,5.61,11.7,62.2,,8,KEEP,TRUE
,IL16LCSDH-03-T-865-46,54.39,69.57,79.19,97.07,101.39,103.01,84.1,DH_Urb_21-plot417,,,,,,,,,,
,IL16LCSDH-01-T-863-69,62.46,69.09,79.98,94.97,96.89,101.12,84.09,DH_Urb_21-plot114,,,,,,,,,,
,2020-4869,66.17,70.61,82.2,92.19,94.54,98.73,84.07,Aug_Urb_21-plot2520,11,2,SI_Urb_22-50,7.29,11.7,62,,71,KEEP,TRUE
,IL16LCSDH-07-T-2662-31,62.11,70.63,82.86,93.41,95.08,100.09,84.03,DH_Urb_21-plot810,,,,,,,,,,
,2020-2310,66.42,70.79,82.05,94.45,96.05,94.32,84.01,Aug_Urb_21-plot1202,30,2,SI_Urb_22-31,5.26,11.8,59.8,,90,KEEP,TRUE
,IL16LCSDH-02-T-864-24,72.45,69.68,85.24,85.72,96.52,94.34,83.99,DH_Urb_21-plot315,,,,,,,,,,
,2020-602,67.84,73.75,82.55,88.6,94.22,96.8,83.96,Aug_Urb_21-plot212,3,1,SI_Urb_22-3,4.28,0,0,,3,KEEP,TRUE
,2020-5308,68.54,75.87,82.56,88.56,94.24,93.9,83.95,Aug_Urb_21-plot2718,3,2,SI_Urb_22-58,6.64,12,61.9,,63,KEEP,TRUE
,IL16LCSDH-07-T-2662-43,66.69,70.19,80.46,93.11,93.63,99.4,83.91,DH_Urb_21-plot814,,,,,,,,,,
,2020-17307,68.27,73.27,82.71,87.68,95.05,96.35,83.89,Aug_Urb_21-plot8401,25,7,SI_Urb_22-205,6.69,11.9,61.4,,385,KEEP,TRUE
,2020-9818,67.09,71.95,82.31,89.92,94.59,97.17,83.84,Aug_Urb_21-plot4702,11,4,SI_Urb_22-110,7.33,11.2,62.5,,191,KEEP,TRUE
,2020-12056,67.31,70.99,82.43,89.9,95.7,96.58,83.82,Aug_Urb_21-plot5713,20,5,SI_Urb_22-140,5.57,12.4,56.7,,260,KEEP,TRUE
,2020-17565,67.25,69.65,82.46,89.97,96.58,96.49,83.73,Aug_Urb_21-plot8515,30,8,SI_Urb_22-211,6.33,11.3,62.2,,450,KEEP,TRUE
,2020-1747,65.34,70.68,81.75,91.22,92.52,100.68,83.7,Aug_Urb_21-plot813,15,1,SI_Urb_22-15,6.43,11.7,58.9,,15,KEEP,TRUE
,2020-5238,66.9,71.73,82.15,89.53,94.28,97.25,83.64,Aug_Urb_21-plot2712,6,2,SI_Urb_22-55,6.75,11.7,62.6,,66,KEEP,TRUE
,2020-13735,68.39,71.51,82.65,87.76,96.71,94.53,83.59,Aug_Urb_21-plot6310,27,6,SI_Urb_22-154,6.55,11.7,61.6,,327,KEEP,TRUE
,2020-10325,66.84,68.54,82.21,91.09,97.12,95.48,83.55,Aug_Urb_21-plot5110,6,5,SI_Urb_22-126,6.9,11.7,59.8,,246,KEEP,TRUE
,2020-15423,67.85,71.72,82.32,89.58,96.35,93.42,83.54,Aug_Urb_21-plot7117,8,6,SI_Urb_22-173,6.24,10.5,64.6,,308,KEEP,TRUE
,IL16LCSDH-03-T-865-36,64.4,72.19,82.15,87.54,97.27,97.5,83.51,DH_Urb_21-plot411,,,,,,,,,,
,2020-7954,67.3,70.79,82.08,91.76,96.89,92.25,83.51,Aug_Urb_21-plot4002,24,4,SI_Urb_22-97,5.78,11.4,62.3,,204,KEEP,TRUE
,2020-528,67.51,74.15,82.12,87.76,93.16,96.21,83.48,Aug_Urb_21-plot209,1,1,SI_Urb_22-1,4.12,0,0,,1,KEEP,TRUE
,2020-5315,68.58,74.5,82.48,86.25,94.43,94.66,83.48,Aug_Urb_21-plot2801,2,2,SI_Urb_22-59,6.16,11.8,61.1,,62,KEEP,TRUE
,2020-10057,66.62,70.23,81.97,90.88,95.46,95.64,83.47,Aug_Urb_21-plot4902,2,4,SI_Urb_22-119,7.39,11.8,61.1,,182,KEEP,TRUE
,Kaskaskia,65.33,63.04,82.28,93.39,96.07,100.63,83.46,Checks,,,,,,,,,,
,2020-2403,66.26,68.67,81.9,91.76,96.23,95.73,83.43,Aug_Urb_21-plot1302,25,2,SI_Urb_22-36,6.62,11.5,61.7,,85,KEEP,TRUE
,2020-6453,66.12,67.5,82.02,90.27,96.05,98.27,83.37,Aug_Urb_21-plot3217,23,3,SI_Urb_22-83,5.75,12.3,61.5,,143,KEEP,TRUE
,IL16LCSDH-03-T-865-65,63.37,70.06,82,92.25,95.29,95.6,83.1,DH_Urb_21-plot420,,,,,,,,,,
,2020-1128,68.52,70.57,82.46,86.21,97.2,93.46,83.07,Aug_Urb_21-plot412,6,1,SI_Urb_22-6,5.73,11.6,61.7,,6,KEEP,TRUE
,2020-12226,64.45,70.01,80.91,93.38,92.56,97.05,83.06,Aug_Urb_21-plot5802,22,5,SI_Urb_22-142,5.85,11.8,59.7,,262,KEEP,TRUE
,2020-10474,66.9,72.47,81.58,89.8,94.3,93.02,83.01,Aug_Urb_21-plot5202,9,5,SI_Urb_22-129,7.48,11.7,60.8,,249,KEEP,TRUE
,2020-850,67.28,69.33,82.12,86.39,95.63,96.94,82.95,Aug_Urb_21-plot313,4,1,SI_Urb_22-4,3.56,0,0,,4,KEEP,TRUE
,IL16LCSDH-06-T-2661-231,61.59,69.61,78.6,94.15,93.76,99.48,82.87,DH_Urb_21-plot1602,,,,,,,,,,
,2020-6201,67.85,73.98,81.88,85.69,93.37,94.44,82.87,Aug_Urb_21-plot3119,16,3,SI_Urb_22-76,6.02,11.8,59.9,mixed with 15,136,KEEP,TRUE
,2020-17447,66.72,70.36,81.7,87.91,94.56,95.81,82.84,Aug_Urb_21-plot8501,28,7,SI_Urb_22-208,6.68,11.1,62.6,,388,KEEP,TRUE
,2020-16523,64.95,71.68,80.86,90.86,91.45,96.81,82.77,Aug_Urb_21-plot7805,10,7,SI_Urb_22-190,7.3,11.5,59.5,,370,KEEP,TRUE
,2020-3211,66.67,68.5,81.69,88.74,96.19,94.56,82.72,Aug_Urb_21-plot1612,18,2,SI_Urb_22-43,5.54,11.6,62,,78,KEEP,TRUE
,2020-6335,64.87,68.53,81.05,90.22,93.16,98.15,82.66,Aug_Urb_21-plot3210,20,3,SI_Urb_22-80,5.22,12,60.8,,140,KEEP,TRUE
,IL16LCSDH-02-T-864-37,61.35,70.99,80.91,90.84,93.6,97.86,82.59,DH_Urb_21-plot320,,,,,,,,,,
,IL16LCSDH-03-T-865-40,67.37,67.9,77.78,87.92,97.06,97.4,82.57,DH_Urb_21-plot413,,,,,,,,,,
,2020-15348,66,69.96,81.27,87.31,93.28,96.84,82.44,Aug_Urb_21-plot7107,12,6,SI_Urb_22-169,7.18,11.4,61.5,,312,KEEP,
,IL16LCSDH-03-T-865-39,54.42,68.32,81.68,93.63,96.84,99.53,82.4,DH_Urb_21-plot412,,,,,,,,,,
,2020-12073,65.86,71.89,80.99,88.09,92.1,95.47,82.4,Aug_Urb_21-plot5716,21,5,SI_Urb_22-141,5.88,12.1,59.3,,261,KEEP,TRUE
,2020-13710,65.33,70.92,80.72,89.85,92.56,94.44,82.3,Aug_Urb_21-plot6307,28,6,SI_Urb_22-153,6.64,11.5,61.2,,328,KEEP,TRUE
,2020-13354,66.16,70.49,81.05,88.75,94.06,93.24,82.29,Aug_Urb_21-plot6116,30,5,SI_Urb_22-150,6.59,11.4,62.3,,270,KEEP,TRUE
,IL16LCSDH-03-T-865-35,61.76,67.82,79.31,89.41,95.64,99.59,82.25,DH_Urb_21-plot410,,,,,,,,,,
,IL16LCSDH-05-T-2660-3,50.44,71.38,79.45,90.8,100,100.73,82.13,DH2_Urb_21-plot418,,,,,,,,,,
,2020-14846,65.48,70.06,80.71,88.57,92.99,94.41,82.04,Aug_Urb_21-plot6813,18,6,SI_Urb_22-163,6.15,12.1,59.9,,318,KEEP,TRUE
,IL16LCSDH-02-T-864-60,66.73,71.89,80.09,86.16,96.8,89.68,81.89,DH_Urb_21-plot408,,,,,,,,,,
,2020-11836,65.57,70.32,80.52,88.86,93.28,92.34,81.82,Aug_Urb_21-plot5708,18,5,SI_Urb_22-138,5.74,13.1,56.2,,258,KEEP,TRUE
,2020-15546,64.88,67.95,80.56,88.45,93.26,95.8,81.82,Aug_Urb_21-plot7211,4,6,SI_Urb_22-177,7.03,11.2,62.7,,304,KEEP,TRUE
,2020-15836,66.22,73.47,80.68,85.24,90.79,94.37,81.8,Aug_Urb_21-plot7405,1,6,SI_Urb_22-180,7.05,11.4,62.1,,301,KEEP,TRUE
,2020-7415,66.26,69.94,80.58,85.74,93.78,91.72,81.34,Aug_Urb_21-plot3710,30,3,SI_Urb_22-90,6.05,11.4,62.9,,150,KEEP,TRUE
,2020-15415,66.27,71.65,80.43,85.57,92.59,91.3,81.3,Aug_Urb_21-plot7115,9,6,SI_Urb_22-172,6.62,11.2,62.8,,309,KEEP,TRUE
,2020-15478,64.02,72.71,79.44,88.95,88.85,93.38,81.22,Aug_Urb_21-plot7206,5,6,SI_Urb_22-176,6.78,11.1,62.4,,305,KEEP,TRUE
,2020-1149,65.74,69.13,80.28,87.06,93.99,90.81,81.17,Aug_Urb_21-plot414,7,1,SI_Urb_22-7,6.08,11.7,61.4,,7,KEEP,TRUE
,2020-5258,64.41,71.96,79.61,87.57,89.6,93.45,81.1,Aug_Urb_21-plot2715,4,2,SI_Urb_22-57,6.69,11.5,62.7,,64,KEEP,TRUE
,2020-14072,66.07,71.45,80.17,84.21,91.89,91.63,80.9,Aug_Urb_21-plot6418,22,6,SI_Urb_22-159,5.88,11.5,59.3,,322,KEEP,FALSE
,12-26004,62.14,70.85,75.55,88.09,98.06,90.66,80.89,Checks,,,,,,,,,,
,IL16LCSDH-02-T-864-27,66.32,72.35,79.47,82.47,93.97,90.19,80.8,DH_Urb_21-plot316,,,,,,,,,,
,2020-16301,63.99,69.8,79.37,88.06,90.63,92.68,80.75,Aug_Urb_21-plot7613,8,7,SI_Urb_22-188,6.43,11.2,61.8,,368,KEEP,TRUE
,2020-1534,63.92,66.6,79.64,87.18,92.24,94.71,80.72,Aug_Urb_21-plot618,11,1,SI_Urb_22-11,6.02,11.7,61.1,,11,KEEP,TRUE
,IL16LCSDH-10-T-2665-19,61.36,70.15,80.03,87.12,91.68,93.55,80.65,DH_Urb_21-plot1112,,,,,,,,,,
,2020-7746,62.97,65.93,79.16,89.18,91.79,94.19,80.54,Aug_Urb_21-plot3906,27,4,SI_Urb_22-94,6.16,11.5,61.7,,207,KEEP,TRUE
,2020-16972,64.14,71.7,79.15,85.87,88.8,92.93,80.43,Aug_Urb_21-plot8103,17,7,SI_Urb_22-197,6.82,11.7,60.4,,377,KEEP,TRUE
,IL16LCSDH-07-T-2662-222,71.06,66.85,79.21,84.06,87.89,93.4,80.41,DH_Urb_21-plot1616,,,,,,,,,,
,2020-5541,64.85,68.44,79.52,86.68,92.9,90,80.4,Aug_Urb_21-plot2904,5,3,SI_Urb_22-65,6.78,11.4,62.5,,125,KEEP,TRUE
,2020-15405,66.92,73.52,79.92,82.62,91.82,87.4,80.37,Aug_Urb_21-plot7113,10,6,SI_Urb_22-171,6.68,11.3,62.9,,310,KEEP,TRUE
,2020-8734,63.51,70.85,78.89,86.98,88.67,93.03,80.32,Aug_Urb_21-plot4211,19,4,SI_Urb_22-102,6.05,11.9,61.1,,199,KEEP,TRUE
,IL16LCSDH-03-T-865-32,62.37,65.91,77.83,90.35,91.79,93.45,80.28,DH2_Urb_21-plot417,,,,,,,,,,
,IL16LCSDH-10-T-2665-70,54.32,71.14,78.63,92.82,92.18,92.52,80.27,DH_Urb_21-plot1301,,,,,,,,,,
,2020-9242,65.53,71.64,79.64,81.92,89.98,92.65,80.23,Aug_Urb_21-plot4415,15,4,SI_Urb_22-106,7.28,11.7,61.4,,195,KEEP,TRUE
,2020-927,62.41,68.7,78.46,88.73,88.83,93.37,80.08,Aug_Urb_21-plot316,5,1,SI_Urb_22-5,2.58,0,0,,5,KEEP,TRUE
,IL16LCSDH-10-T-2665-69,66.02,68.62,79.08,85.88,89.9,90.33,79.97,DH_Urb_21-plot1220,,,,,,,,,,
,IL16LCSDH-02-T-864-20,66.73,67.06,77.89,86.99,92.61,85.59,79.48,DH_Urb_21-plot313,,,,,,,,,,
,2020-5056,64.49,72.94,78.45,85.03,88.88,87.06,79.47,Aug_Urb_21-plot2616,7,2,SI_Urb_22-54,6.21,11.6,61.8,,67,KEEP,TRUE
,2020-15010,64.08,70.45,78.62,83.71,89.1,90.75,79.45,Aug_Urb_21-plot6911,16,6,SI_Urb_22-165,5.84,11.5,62.3,,316,KEEP,TRUE
,IL16LCSDH-01-T-863-53,67.53,69.04,77.94,89.29,84.74,87.86,79.4,DH_Urb_21-plot103,,,,,,,,,,
,2020-11632,62.57,69.52,77.67,87.65,88.73,87.97,79.02,Aug_Urb_21-plot5608,17,5,SI_Urb_22-137,5.7,11.7,60.1,,257,KEEP,TRUE
,IL16LCSDH-10-T-2665-8,58.72,68.67,76.95,86.9,87.56,93.08,78.65,DH_Urb_21-plot1102,,,,,,,,,,
,2020-8457,63.81,69.34,77.94,82.43,89.29,87.89,78.45,Aug_Urb_21-plot4113,23,4,SI_Urb_22-98,5.57,11.7,61.8,,203,KEEP,TRUE
,2020-17343,63.26,70.29,77.51,82.24,87.58,88.19,78.18,Aug_Urb_21-plot8405,26,7,SI_Urb_22-206,6.29,11.4,61.2,,386,KEEP,TRUE
,IL16LCSDH-10-T-2665-75,68.29,66.52,77.99,84.17,85.26,86.53,78.13,DH_Urb_21-plot1303,,,,,,,,,,
,2020-12673,61.26,67.5,75.66,78,84.72,87.9,75.84,Aug_Urb_21-plot5909,25,5,SI_Urb_22-145,6.34,12.7,57.3,,265,KEEP,TRUE
,2020-4337,61.31,69.29,73.09,68.48,81.51,77.63,71.89,Aug_Urb_21-plot2212,12,2,SI_Urb_22-49,6.11,11.7,61.6,,72,KEEP,TRUE
,2020-15215,54.61,62.84,70.63,79.89,77.74,82.56,71.38,Aug_Urb_21-plot7010,14,6,SI_Urb_22-167,6.27,11.6,59.8,,314,KEEP,TRUE