"","germplasmName","X","War_22","Add_22","Blk_22","Stp_22","Neo_22","Urb_22","yield_factor_analytic","Seed.source.2021","S600.range","S600.row","plot_name","Weight","Moisture","Test.weight","Quick.note","Harvest.Sequence.","action","Found","Grain.test.weight...lbs.bu","Grain.yield...bu.ac","Heading.time...Julian.date..JD..","Plant.height.inches","FHB.DON.content...ppm.","FHB.grain.incidence.....","merit"
"1","07-19334",NA,87.19,74.14,89.07,96.02,105.1,105.66,92.86,"Checks",NA,NA,"",NA,NA,NA,"",NA,"",NA,58.97,90.61,135.92,38.28,1.3,18.34,505.63
"2","12-26004",NA,62.14,70.85,75.55,88.09,98.06,90.66,80.89,"Checks",NA,NA,"",NA,NA,NA,"",NA,"",NA,NA,NA,NA,NA,NA,NA,NA
"3","16-8048",NA,76.92,76.97,93.89,93.03,105,106.79,92.1,"Checks",NA,NA,"",NA,NA,NA,"",NA,"",NA,58.95,91.97,133.89,37.78,0.85,12.11,537.11
"4","19-20337",NA,68.56,66.87,84.44,92.61,101.19,100.88,85.76,"Aug_Urb_20-plot4203",NA,NA,"",NA,NA,NA,"",NA,"",NA,57.81,81.11,131.85,37.8,1.37,20.27,470.72
"5","19-21652",NA,68.95,73.99,84.39,92.75,96.91,100.9,86.32,"Aug_Urb_20-plot4607",NA,NA,"",NA,NA,NA,"",NA,"",NA,57.2,83.24,134.04,39.09,0.8,13.37,473.85
"6","19-3269",79,70.01,74,86.17,97.91,100.11,103.88,88.68,"Aug_Urb_20-plot215",NA,NA,"",NA,NA,NA,"",NA,"",NA,59.56,86.47,134.43,39.97,0.77,15.67,502.16
"7","2020-10001",90,71.11,75.29,86.27,94.39,100.09,102.36,88.25,"Aug_Urb_21-plot4808",7,4,"SI_Urb_22-114",7.19,11.4,62.2,"",187,"KEEP",TRUE,59.01,85.8,133.13,38.22,1.22,17.48,496.62
"8","2020-10023",NA,67.24,70.34,83.28,92.16,96.33,100.94,85.05,"Aug_Urb_21-plot4812",6,4,"SI_Urb_22-115",7.05,11.7,61.5,"",186,"KEEP",TRUE,58.06,81.72,133.26,36.59,0.86,16.99,479.79
"9","2020-10026",NA,68.43,73.41,84.12,95.36,97.47,99.15,86.32,"Aug_Urb_21-plot4813",5,4,"SI_Urb_22-116",7.46,11.2,61.5,"",185,"KEEP",TRUE,58.36,84.01,132.55,37.75,0.8,14.6,499.01
"10","2020-10038",NA,69.3,73.06,84.43,92.78,98.38,98.96,86.15,"Aug_Urb_21-plot4816",4,4,"SI_Urb_22-117",7.29,11.7,62.3,"",184,"KEEP",TRUE,58.97,83.53,133.88,38.47,0.75,12.93,490.92
"11","2020-10050",NA,67.96,71.54,83.75,94.64,97.77,98.8,85.74,"Aug_Urb_21-plot4820",3,4,"SI_Urb_22-118",7.63,11.8,61.3,"",183,"KEEP",TRUE,58.93,83.79,132.86,38.88,0.65,11.32,500.77
"12","2020-10057",NA,66.62,70.23,81.97,90.88,95.46,95.64,83.47,"Aug_Urb_21-plot4902",2,4,"SI_Urb_22-119",7.39,11.8,61.1,"",182,"KEEP",TRUE,58.95,79.81,133.81,35.7,1.66,23.85,448.92
"13","2020-10222",NA,66.85,68.44,83.16,93.22,97.4,100.48,84.92,"Aug_Urb_21-plot5008",1,4,"SI_Urb_22-120",7.43,11.4,61.5,"",181,"KEEP",TRUE,58.62,81.57,133.96,36.64,1.21,19.94,467.43
"14","2020-10267",NA,67.78,67.21,84.08,94.64,100.29,100.72,85.79,"Aug_Urb_21-plot5015",1,5,"SI_Urb_22-121",7.12,11.2,61.7,"",241,"KEEP",TRUE,59.42,83.22,133.58,39.55,0.95,10.23,489.31
"15","2020-10275",89,70.37,71.82,86.37,94.34,100.89,105.8,88.26,"Aug_Urb_21-plot5019",2,5,"SI_Urb_22-122",7.28,11.6,60.1,"",242,"KEEP",TRUE,58.36,85.39,133,38.08,0.67,10.93,508.91
"16","2020-10278",NA,68.38,71.93,84.45,93.36,97.33,103.12,86.43,"Aug_Urb_21-plot5020",3,5,"SI_Urb_22-123",7.28,11.9,59.7,"",243,"KEEP",TRUE,58.75,82.71,133.76,39.23,0.51,11.47,491.89
"17","2020-10303",75,71.06,72.96,86.85,94.83,101.43,105.71,88.81,"Aug_Urb_21-plot5103",4,5,"SI_Urb_22-124",7.68,11.7,62.5,"",244,"KEEP",TRUE,60.2,85.83,133.59,40.32,0.94,11.33,503.37
"18","2020-10322",66,69.74,68.91,86.78,99.14,103.31,106.88,89.13,"Aug_Urb_21-plot5109",5,5,"SI_Urb_22-125",7.55,11.6,59.1,"",245,"KEEP",TRUE,57.91,87.35,133.36,38.42,0.64,11.28,516.82
"19","2020-10325",NA,66.84,68.54,82.21,91.09,97.12,95.48,83.55,"Aug_Urb_21-plot5110",6,5,"SI_Urb_22-126",6.9,11.7,59.8,"",246,"KEEP",TRUE,57.77,80.25,133.1,37.94,0.21,5.45,486.55
"20","2020-10415",77,68.83,68.35,86.3,98.79,101.88,108.27,88.74,"Aug_Urb_21-plot5114",7,5,"SI_Urb_22-127",7.2,11.3,60.9,"",247,"KEEP",TRUE,57.75,86.23,132.55,36.69,1.85,24.43,482.2
"21","2020-10435",57,71.63,72.51,87.58,95.05,102.6,107.72,89.52,"Aug_Urb_21-plot5117",8,5,"SI_Urb_22-128",8.01,11.4,61.3,"",248,"KEEP",TRUE,58.21,87.74,133.33,37.84,0.79,12.83,516.94
"22","2020-10474",NA,66.9,72.47,81.58,89.8,94.3,93.02,83.01,"Aug_Urb_21-plot5202",9,5,"SI_Urb_22-129",7.48,11.7,60.8,"",249,"KEEP",TRUE,58.99,80.48,132.86,38.03,1.13,14.22,472.58
"23","2020-10630",85,72.5,77.01,86.74,92.34,100.78,100.88,88.38,"Aug_Urb_21-plot5212",10,5,"SI_Urb_22-130",7.33,11.4,62.9,"",250,"KEEP",TRUE,59.69,84.41,132.6,37.66,1.11,14.26,496
"24","2020-11134",97,69.74,73.5,85.73,95.8,99.31,103.75,87.97,"Aug_Urb_21-plot5403",11,5,"SI_Urb_22-131",7.67,11.6,61.1,"",251,"KEEP",TRUE,58.87,83.86,132.92,38.5,0.08,4.97,514.64
"25","2020-11157",59,70.76,75.08,86.91,97.98,100.46,105.73,89.49,"Aug_Urb_21-plot5407",12,5,"SI_Urb_22-132",8.16,11.5,60.8,"",252,"KEEP",TRUE,57.66,89.04,133.57,37.3,0.92,14.78,513.11
"26","2020-11167",103,69.4,71.85,85.67,95.68,99.75,104.59,87.82,"Aug_Urb_21-plot5408",13,5,"SI_Urb_22-133",7.08,11.5,60.8,"",253,"KEEP",TRUE,58.45,86.3,133.09,39.04,1.33,22.31,494.4
"27","2020-1128",NA,68.52,70.57,82.46,86.21,97.2,93.46,83.07,"Aug_Urb_21-plot412",6,1,"SI_Urb_22-6",5.73,11.6,61.7,"",6,"KEEP",TRUE,58.92,78.62,132.46,38.53,1.28,16.95,460.3
"28","2020-11422",40,75.2,77.17,89.22,93.23,105.25,104.19,90.71,"Aug_Urb_21-plot5507",14,5,"SI_Urb_22-134",6.76,11.6,60.1,"",254,"KEEP",TRUE,58.21,88.48,133.3,40.12,0.85,11.58,521.24
"29","2020-11426",80,70.61,73.44,86.52,95.59,100.64,105.12,88.65,"Aug_Urb_21-plot5508",15,5,"SI_Urb_22-135",7.63,11.5,60.9,"",255,"KEEP",TRUE,58.03,86.47,132.52,38.37,1.27,14.65,504.74
"30","2020-1149",NA,65.74,69.13,80.28,87.06,93.99,90.81,81.17,"Aug_Urb_21-plot414",7,1,"SI_Urb_22-7",6.08,11.7,61.4,"",7,"KEEP",TRUE,58.37,76.94,133.11,38.94,0.93,13.86,454.77
"31","2020-11551",NA,66.77,71.96,82.47,92.13,94.67,98.09,84.35,"Aug_Urb_21-plot5603",16,5,"SI_Urb_22-136",6.37,11.6,61.3,"",256,"KEEP",TRUE,59.62,82.19,135.3,39.18,1.11,15.98,467.6
"32","2020-11632",NA,62.57,69.52,77.67,87.65,88.73,87.97,79.02,"Aug_Urb_21-plot5608",17,5,"SI_Urb_22-137",5.7,11.7,60.1,"",257,"KEEP",TRUE,58.09,76.25,131.85,38.74,0.48,11.14,466.39
"33","2020-11836",NA,65.57,70.32,80.52,88.86,93.28,92.34,81.82,"Aug_Urb_21-plot5708",18,5,"SI_Urb_22-138",5.74,13.1,56.2,"",258,"KEEP",TRUE,57.1,79.45,132.65,36.71,0.83,13.57,458.81
"34","2020-11841",NA,66.56,70.17,83.07,96.26,96.79,99.33,85.36,"Aug_Urb_21-plot5709",19,5,"SI_Urb_22-139",5.7,12,61.1,"",259,"KEEP",TRUE,58.81,83.15,132.31,38.21,0.72,11.79,498.64
"35","2020-12056",NA,67.31,70.99,82.43,89.9,95.7,96.58,83.82,"Aug_Urb_21-plot5713",20,5,"SI_Urb_22-140",5.57,12.4,56.7,"",260,"KEEP",TRUE,57.67,81.45,134.71,38.13,1.51,24.15,449.63
"36","2020-12073",NA,65.86,71.89,80.99,88.09,92.1,95.47,82.4,"Aug_Urb_21-plot5716",21,5,"SI_Urb_22-141",5.88,12.1,59.3,"",261,"KEEP",TRUE,58.65,78.77,134.22,38.57,1.33,24.22,446.04
"37","2020-12226",NA,64.45,70.01,80.91,93.38,92.56,97.05,83.06,"Aug_Urb_21-plot5802",22,5,"SI_Urb_22-142",5.85,11.8,59.7,"",262,"KEEP",TRUE,58.11,79.74,134.01,35.39,1.45,21.9,451.93
"38","2020-12650",68,73.48,75.12,87.7,91.47,103.3,102.87,88.99,"Aug_Urb_21-plot5904",23,5,"SI_Urb_22-143",6.28,11.7,58,"",263,"KEEP",TRUE,57.79,84.94,134.48,37.66,1.02,15.87,485.45
"39","2020-12665",81,72.16,76.12,86.92,92.65,100.65,103.38,88.65,"Aug_Urb_21-plot5908",24,5,"SI_Urb_22-144",6.93,11.6,61.2,"",264,"KEEP",TRUE,58.17,85.13,133.64,38.33,1.16,15.23,492.67
"40","2020-12673",NA,61.26,67.5,75.66,78,84.72,87.9,75.84,"Aug_Urb_21-plot5909",25,5,"SI_Urb_22-145",6.34,12.7,57.3,"",265,"KEEP",TRUE,58.14,70.64,133.86,36.59,1.3,15.09,409.6
"41","2020-13001",69,71.37,75.05,86.86,95.52,100.89,104.26,88.99,"Aug_Urb_21-plot6005",26,5,"SI_Urb_22-146",7.41,11.5,60.9,"",266,"KEEP",TRUE,58.47,87.05,133.23,38.95,0.95,13.42,510.47
"42","2020-13011",NA,69.06,71.81,84.85,93.96,98.94,101.83,86.74,"Aug_Urb_21-plot6006",27,5,"SI_Urb_22-147",6.71,11.8,60.1,"",267,"KEEP",TRUE,58.71,83.77,134.22,39.47,0.84,18.09,485.49
"43","2020-1314",NA,68.12,74.1,82.75,88.33,94.33,97.16,84.13,"Aug_Urb_21-plot506",8,1,"SI_Urb_22-8",5.61,11.7,62.2,"",8,"KEEP",TRUE,59.04,80.44,133.62,39.09,1.01,17.1,468.1
"44","2020-13145",116,69,72.8,85.1,94.96,98.28,103.49,87.27,"Aug_Urb_21-plot6020",28,5,"SI_Urb_22-148",7.33,11.4,60.5,"",268,"KEEP",TRUE,58.81,83.91,132.52,37.55,0.97,17.17,494.08
"45","2020-13223",NA,68.67,72.74,84.6,93.66,97.4,102.71,86.63,"Aug_Urb_21-plot6104",29,5,"SI_Urb_22-149",7.43,12.5,59.6,"",269,"KEEP",TRUE,58.65,82.66,134.35,38.26,1.58,23.95,462.37
"46","2020-13354",NA,66.16,70.49,81.05,88.75,94.06,93.24,82.29,"Aug_Urb_21-plot6116",30,5,"SI_Urb_22-150",6.59,11.4,62.3,"",270,"KEEP",TRUE,59.6,79.9,133.17,38.29,0.87,13.92,471.81
"47","2020-13527",NA,71.2,75.22,84.89,88.17,98.81,97.16,85.91,"Aug_Urb_21-plot6213",30,6,"SI_Urb_22-151",6.24,11.8,60.5,"",330,"KEEP",TRUE,59.76,82.22,132.86,37.54,1.18,18.54,478.36
"48","2020-1362",95,69.33,73.36,85.48,98.28,99.72,101.85,88,"Aug_Urb_21-plot512",9,1,"SI_Urb_22-9",6.55,11.6,61.4,"",9,"KEEP",TRUE,59.48,84.82,132.75,38.82,1.24,13.67,495.6
"49","2020-13707",NA,68.03,70.1,83.47,90.77,97.58,99.3,84.88,"Aug_Urb_21-plot6306",29,6,"SI_Urb_22-152",7.32,12.1,59.4,"",329,"KEEP",TRUE,58.53,81.06,134.35,39.06,1.11,14.87,467.37
"50","2020-13710",NA,65.33,70.92,80.72,89.85,92.56,94.44,82.3,"Aug_Urb_21-plot6307",28,6,"SI_Urb_22-153",6.64,11.5,61.2,"",328,"KEEP",TRUE,58.78,78.86,132.05,38.02,0.85,15.17,471.82
"51","2020-13735",NA,68.39,71.51,82.65,87.76,96.71,94.53,83.59,"Aug_Urb_21-plot6310",27,6,"SI_Urb_22-154",6.55,11.7,61.6,"",327,"KEEP",TRUE,59.16,80.95,132.67,38.2,1.07,18.5,474.29
"52","2020-13739",67,71.81,75.19,87.04,96.11,101.91,102.73,89.13,"Aug_Urb_21-plot6312",26,6,"SI_Urb_22-155",7.31,11.8,59.7,"",326,"KEEP",TRUE,58.2,86.57,133.93,38.96,1.23,18.16,495.8
"53","2020-13814",NA,69.24,71.41,84.65,93.51,99.59,99.72,86.35,"Aug_Urb_21-plot6319",25,6,"SI_Urb_22-156",6.9,11.5,61.8,"",325,"KEEP",TRUE,58.67,81.88,133.29,37.98,1.16,14.31,477.28
"54","2020-13902",56,70.29,73.11,86.9,99.86,101.66,105.72,89.59,"Aug_Urb_21-plot6407",24,6,"SI_Urb_22-157",7.03,11.6,60.1,"",324,"KEEP",TRUE,58.43,88.48,132.17,38,0.38,4.95,540.37
"55","2020-13967",32,73.43,74.59,89.44,98.44,105.16,109.65,91.78,"Aug_Urb_21-plot6412",23,6,"SI_Urb_22-158",7.03,11.3,59.2,"",323,"KEEP",TRUE,57.44,88.27,134.77,39.43,1.52,31.13,476.23
"56","2020-14072",NA,66.07,71.45,80.17,84.21,91.89,91.63,80.9,"Aug_Urb_21-plot6418",22,6,"SI_Urb_22-159",5.88,11.5,59.3,"",322,"KEEP",FALSE,58.95,76.71,133.78,39.08,0.76,10.77,454.34
"57","2020-14116",21,74.26,76.23,90.16,99.7,105.8,110.05,92.7,"Aug_Urb_21-plot6506",21,6,"SI_Urb_22-160",6.49,11.3,59.5,"",321,"KEEP",TRUE,58.32,88.69,133.83,38.63,0.86,12.47,518.66
"58","2020-14253",NA,68.72,73.38,83.59,91.42,96.89,97.16,85.19,"Aug_Urb_21-plot6518",20,6,"SI_Urb_22-161",5.8,12.2,60.2,"",320,"KEEP",NA,58.2,81,132.83,39.05,1.3,17.46,470.65
"59","2020-14337",NA,69.58,73.73,84.81,91.93,97.86,101.31,86.54,"Aug_Urb_21-plot6602",19,6,"SI_Urb_22-162",6.93,11.7,60.1,"",319,"KEEP",TRUE,58.48,83.57,134.12,39.27,0.64,8.69,494.51
"60","2020-14846",NA,65.48,70.06,80.71,88.57,92.99,94.41,82.04,"Aug_Urb_21-plot6813",18,6,"SI_Urb_22-163",6.15,12.1,59.9,"",318,"KEEP",TRUE,58.72,78.68,133.86,40.71,0.53,13.29,467.04
"61","2020-14872",138,69.66,73.04,85.09,91.72,98.25,102.85,86.77,"Aug_Urb_21-plot6818",17,6,"SI_Urb_22-164",6.5,12,62.3,"",317,"KEEP",TRUE,59.67,83.69,134.15,39.58,1.27,18.9,477.65
"62","2020-15010",NA,64.08,70.45,78.62,83.71,89.1,90.75,79.45,"Aug_Urb_21-plot6911",16,6,"SI_Urb_22-165",5.84,11.5,62.3,"",316,"KEEP",TRUE,60.15,75.83,134.01,38.3,0.7,11.01,448.91
"63","2020-1511",119,70.9,74.51,85.54,93.29,100.29,98.79,87.22,"Aug_Urb_21-plot613",10,1,"SI_Urb_22-10",6.33,11.6,62.5,"",10,"KEEP",TRUE,59.36,84.75,132.12,37.07,1.22,16.44,497.22
"64","2020-15209",NA,68.5,71.32,83.73,89.31,96.91,100.54,85.05,"Aug_Urb_21-plot7009",15,6,"SI_Urb_22-166",7.61,11.7,60.4,"",315,"KEEP",TRUE,58.3,82.15,132.54,37.31,0.89,13.65,487.88
"65","2020-15215",NA,54.61,62.84,70.63,79.89,77.74,82.56,71.38,"Aug_Urb_21-plot7010",14,6,"SI_Urb_22-167",6.27,11.6,59.8,"",314,"KEEP",TRUE,58.48,67.01,132.67,38.09,1.14,19.06,396.27
"66","2020-15256",23,73.77,76.31,89.89,100.65,105.25,109.78,92.61,"Aug_Urb_21-plot7014",13,6,"SI_Urb_22-168",7.97,11.9,60.4,"",313,"KEEP",TRUE,58.88,92.41,132.53,38.69,1.24,20.83,533.32
"67","2020-1534",NA,63.92,66.6,79.64,87.18,92.24,94.71,80.72,"Aug_Urb_21-plot618",11,1,"SI_Urb_22-11",6.02,11.7,61.1,"",11,"KEEP",TRUE,58.23,77.85,131.91,37.36,0.63,16.08,469.77
"68","2020-15348",NA,66,69.96,81.27,87.31,93.28,96.84,82.44,"Aug_Urb_21-plot7107",12,6,"SI_Urb_22-169",7.18,11.4,61.5,"",312,"KEEP",NA,59.36,78.48,133.55,37.25,0.49,5.99,472.84
"69","2020-15403",125,71.16,71.54,85.92,90.89,101.78,101.27,87.09,"Aug_Urb_21-plot7112",11,6,"SI_Urb_22-170",7.21,11.3,62.6,"",311,"KEEP",TRUE,60.33,80.86,133.34,37.64,0.98,13.65,474.76
"70","2020-15405",NA,66.92,73.52,79.92,82.62,91.82,87.4,80.37,"Aug_Urb_21-plot7113",10,6,"SI_Urb_22-171",6.68,11.3,62.9,"",310,"KEEP",TRUE,60.06,75.23,133.36,37.69,0.34,6.33,457.22
"71","2020-15415",NA,66.27,71.65,80.43,85.57,92.59,91.3,81.3,"Aug_Urb_21-plot7115",9,6,"SI_Urb_22-172",6.62,11.2,62.8,"",309,"KEEP",TRUE,60.16,76.87,132.37,37.66,0.76,12.5,461.94
"72","2020-15423",NA,67.85,71.72,82.32,89.58,96.35,93.42,83.54,"Aug_Urb_21-plot7117",8,6,"SI_Urb_22-173",6.24,10.5,64.6,"",308,"KEEP",TRUE,59.82,80.39,132.61,36.7,0.63,6.67,486.25
"73","2020-15429",NA,69.38,73.79,84.27,92.27,97.92,98.1,85.96,"Aug_Urb_21-plot7118",7,6,"SI_Urb_22-174",6.7,11.3,62.6,"",307,"KEEP",TRUE,59.47,82.48,132.89,37.44,0.64,9.89,494.31
"74","2020-15438",NA,69.5,74.53,83.62,88.19,96.44,96.47,84.79,"Aug_Urb_21-plot7201",6,6,"SI_Urb_22-175",6.86,11.4,62.9,"",306,"KEEP",TRUE,60.33,80.51,133.15,37.73,0.82,12.5,477.13
"75","2020-15478",NA,64.02,72.71,79.44,88.95,88.85,93.38,81.22,"Aug_Urb_21-plot7206",5,6,"SI_Urb_22-176",6.78,11.1,62.4,"",305,"KEEP",TRUE,59.12,78.67,131.63,37.33,0.49,5.23,484.91
"76","2020-15546",NA,64.88,67.95,80.56,88.45,93.26,95.8,81.82,"Aug_Urb_21-plot7211",4,6,"SI_Urb_22-177",7.03,11.2,62.7,"",304,"KEEP",TRUE,59.19,78.3,131.89,37.28,0.68,8.45,476.45
"77","2020-15726",71,71.15,72.22,86.97,95.41,102.34,105.33,88.9,"Aug_Urb_21-plot7310",3,6,"SI_Urb_22-178",8.07,11.7,60.9,"",303,"KEEP",TRUE,58.61,86.09,134.81,37.1,1,14.68,494.75
"78","2020-1578",NA,68.14,73.24,83.65,93.89,96.67,98.44,85.67,"Aug_Urb_21-plot705",12,1,"SI_Urb_22-12",6.25,11.7,62.2,"",12,"KEEP",TRUE,58.92,83.37,133.7,37.54,1,17.62,483.69
"79","2020-15810",NA,66.86,70.05,82.96,93.34,96.42,99.46,84.85,"Aug_Urb_21-plot7320",2,6,"SI_Urb_22-179",7.35,11.4,62.5,"",302,"KEEP",TRUE,60.12,82.36,133.61,36.5,0.95,14.02,481.85
"80","2020-15836",NA,66.22,73.47,80.68,85.24,90.79,94.37,81.8,"Aug_Urb_21-plot7405",1,6,"SI_Urb_22-180",7.05,11.4,62.1,"",301,"KEEP",TRUE,59.84,78.31,133.69,37.69,0.82,11.26,462.66
"81","2020-15961",NA,69.09,74.02,83.51,88.8,96.22,97.15,84.8,"Aug_Urb_21-plot7413",1,7,"SI_Urb_22-181",6.26,11.4,61.8,"",361,"KEEP",TRUE,60.08,82.15,133.94,38.69,0.82,13.8,481.06
"82","2020-16022",86,70.43,74.91,86.12,95.9,99.6,103.34,88.38,"Aug_Urb_21-plot7418",2,7,"SI_Urb_22-182",7.21,11.1,61.2,"",362,"KEEP",TRUE,58.94,85.64,132.64,38.81,0.62,8.21,515.05
"83","2020-16035",60,71.24,72.82,87.16,97.45,102.82,104.65,89.36,"Aug_Urb_21-plot7502",3,7,"SI_Urb_22-183",8.34,11.2,61.1,"",363,"KEEP",TRUE,58.62,87.6,132.31,39.15,0.77,11.87,522.9
"84","2020-16102",76,69.64,72.41,86.24,98.42,100.6,105.36,88.78,"Aug_Urb_21-plot7508",4,7,"SI_Urb_22-184",6.88,11.4,61,"",364,"KEEP",TRUE,58.89,86.87,132.69,37.4,0.57,7.65,523.02
"85","2020-16118",124,69.47,71.74,85.16,95.14,100.16,100.93,87.1,"Aug_Urb_21-plot7511",5,7,"SI_Urb_22-185",6.89,11.3,61.4,"",365,"KEEP",TRUE,58.93,84.61,132.36,38.18,0.44,6.69,514.86
"86","2020-16145",NA,68.79,73.22,84.52,92.71,97,102.45,86.45,"Aug_Urb_21-plot7515",6,7,"SI_Urb_22-186",6.43,11.2,62.3,"",366,"KEEP",TRUE,59.19,83.04,132.49,36.69,0.39,7.9,505.24
"87","2020-16228",NA,67.35,71.64,83.12,92.8,96,99.13,85.01,"Aug_Urb_21-plot7610",7,7,"SI_Urb_22-187",6.55,11.1,62.3,"",367,"KEEP",TRUE,58.96,81.38,132.59,38.49,0.69,8.69,489.77
"88","2020-16301",NA,63.99,69.8,79.37,88.06,90.63,92.68,80.75,"Aug_Urb_21-plot7613",8,7,"SI_Urb_22-188",6.43,11.2,61.8,"",368,"KEEP",TRUE,59.31,77.56,132.28,38.59,0.36,4.2,477.67
"89","2020-1643",NA,68.38,73.5,84.15,95.31,97.24,99.68,86.38,"Aug_Urb_21-plot713",13,1,"SI_Urb_22-13",6.83,11.9,62.3,"",13,"KEEP",TRUE,59.55,84.01,133.53,39.3,0.78,13.14,494.95
"90","2020-16521",NA,67.29,73.81,83.21,92.07,93.88,101.54,85.3,"Aug_Urb_21-plot7804",9,7,"SI_Urb_22-189",7.45,11.2,61,"",369,"KEEP",TRUE,58.27,81.61,133.71,37.42,1.12,21.22,469.58
"91","2020-16523",NA,64.95,71.68,80.86,90.86,91.45,96.81,82.77,"Aug_Urb_21-plot7805",10,7,"SI_Urb_22-190",7.3,11.5,59.5,"",370,"KEEP",TRUE,57.68,80.02,133.59,37.17,0.88,14.84,464.32
"92","2020-16637",NA,68.71,76.04,83.23,89.22,94.26,97.45,84.82,"Aug_Urb_21-plot7902",11,7,"SI_Urb_22-191",7.54,10.9,62.9,"",371,"KEEP",TRUE,58.88,81.79,132.21,38.91,0.52,10.34,495.83
"93","2020-16641",120,70.88,73.71,85.6,92.8,100.59,99.46,87.17,"Aug_Urb_21-plot7903",12,7,"SI_Urb_22-192",7.03,11,60.8,"",372,"KEEP",TRUE,58.71,83.76,131.62,39.12,0.62,11.31,507.96
"94","2020-16727",33,71.19,71.31,88.58,104.71,105.8,108.38,91.66,"Aug_Urb_21-plot7912",13,7,"SI_Urb_22-193",7.9,11.4,59,"",373,"KEEP",TRUE,57.63,90.39,134.09,37.98,1.13,17.78,511.12
"95","2020-16738",15,73.45,74.44,90.35,105.04,107.41,110.31,93.5,"Aug_Urb_21-plot7914",14,7,"SI_Urb_22-194",7.51,11.6,59.5,"",374,"KEEP",TRUE,57.61,92.43,133.32,37.57,1.26,22.39,520.5
"96","2020-16758",16,72.88,73.03,90.34,104.16,106.77,113.57,93.46,"Aug_Urb_21-plot7918",15,7,"SI_Urb_22-195",7.77,11.6,58.7,"",375,"KEEP",TRUE,57.35,92.6,134.02,37.55,1.2,22.33,513.84
"97","2020-16902",NA,69.88,71.58,84.3,86.47,98.22,99.98,85.07,"Aug_Urb_21-plot8011",16,7,"SI_Urb_22-196",6.94,11.3,62.6,"",376,"KEEP",TRUE,60.24,80.9,134.65,40.36,0.58,10.4,476.2
"98","2020-16972",NA,64.14,71.7,79.15,85.87,88.8,92.93,80.43,"Aug_Urb_21-plot8103",17,7,"SI_Urb_22-197",6.82,11.7,60.4,"",377,"KEEP",TRUE,58.83,77.91,133.95,38.96,1.13,15.07,451.76
"99","2020-17006",NA,69,72.26,84.79,93.21,98.19,102.56,86.67,"Aug_Urb_21-plot8108",18,7,"SI_Urb_22-198",7.08,11.2,61.6,"",378,"KEEP",TRUE,58.92,83.87,133.8,37.92,1.22,18.37,481.7
"100","2020-17017",109,70.59,76.33,85.65,92.3,97.74,102.77,87.56,"Aug_Urb_21-plot8111",19,7,"SI_Urb_22-199",7.33,11.1,61.6,"",379,"KEEP",TRUE,58.78,84.55,133.18,37.01,0.86,16.3,496.43
"101","2020-17110",NA,67.46,70.63,83.78,93.97,96.98,102.02,85.81,"Aug_Urb_21-plot8201",20,7,"SI_Urb_22-200",6.43,11.9,58.4,"",380,"KEEP",TRUE,57.21,82.66,133.37,38.64,1.05,21.51,465.14
"102","2020-17118",54,70.34,71.62,87.09,100.04,102.82,106.15,89.68,"Aug_Urb_21-plot8204",21,7,"SI_Urb_22-201",6.81,11.5,59.2,"",381,"KEEP",TRUE,57.59,87.61,133.74,37.47,1.28,21.6,492.21
"103","2020-17132",51,72.52,75.27,87.88,95.83,102.69,105.51,89.95,"Aug_Urb_21-plot8209",22,7,"SI_Urb_22-202",6.88,11.4,59.5,"",382,"KEEP",TRUE,56.96,88.31,132.48,37.5,1.98,34.77,470
"104","2020-17154",NA,68.87,70.22,84.45,91.46,98.91,101.58,85.91,"Aug_Urb_21-plot8217",23,7,"SI_Urb_22-203",6.65,12,58.2,"",383,"KEEP",TRUE,57.66,84.03,133.35,39.23,0.95,17.71,484.36
"105","2020-17163",NA,71.02,75.39,84.54,86.88,98.01,96.7,85.42,"Aug_Urb_21-plot8219",24,7,"SI_Urb_22-204",6.51,11.2,60.7,"",384,"KEEP",TRUE,57.62,80.42,132.24,37.54,1.19,17.64,466.28
"106","2020-17307",NA,68.27,73.27,82.71,87.68,95.05,96.35,83.89,"Aug_Urb_21-plot8401",25,7,"SI_Urb_22-205",6.69,11.9,61.4,"",385,"KEEP",TRUE,59.28,78.81,134.43,39.2,0.99,14.35,456.66
"107","2020-17343",NA,63.26,70.29,77.51,82.24,87.58,88.19,78.18,"Aug_Urb_21-plot8405",26,7,"SI_Urb_22-206",6.29,11.4,61.2,"",386,"KEEP",TRUE,58.95,74.9,132.72,37.67,1.21,18.15,438.79
"108","2020-1739",NA,67.53,69.63,83.52,91.35,96.97,101.7,85.12,"Aug_Urb_21-plot811",14,1,"SI_Urb_22-14",5.84,11.7,59.7,"",14,"KEEP",TRUE,57.27,82.45,133.63,38.36,0.83,22.18,466.73
"109","2020-17445",NA,69.42,75.17,83.8,88.96,95.97,97.78,85.18,"Aug_Urb_21-plot8420",27,7,"SI_Urb_22-207",6.93,11.3,61.5,"",387,"KEEP",TRUE,58.89,83.14,134.01,37.61,1.01,17.75,480.53
"110","2020-17447",NA,66.72,70.36,81.7,87.91,94.56,95.81,82.84,"Aug_Urb_21-plot8501",28,7,"SI_Urb_22-208",6.68,11.1,62.6,"",388,"KEEP",TRUE,59.23,79.25,132.69,39.28,0.8,16.57,470.4
"111","2020-17458",NA,66.57,72.64,83.29,97.77,95.45,100.47,86.03,"Aug_Urb_21-plot8503",29,7,"SI_Urb_22-209",6.57,11.5,59.8,"",389,"KEEP",TRUE,57.77,84.7,134.05,36.77,1.05,17.22,484.76
"112","2020-1747",NA,65.34,70.68,81.75,91.22,92.52,100.68,83.7,"Aug_Urb_21-plot813",15,1,"SI_Urb_22-15",6.43,11.7,58.9,"",15,"KEEP",TRUE,55.92,80.35,132.26,36.29,0.7,16.33,447.27
"113","2020-17555",55,69.93,71.6,87.03,99.27,101.6,108.62,89.67,"Aug_Urb_21-plot8513",30,7,"SI_Urb_22-210",6.58,11.2,60.8,"",390,"KEEP",TRUE,58.62,86.75,133.22,39.21,0.82,18.35,507.79
"114","2020-17565",NA,67.25,69.65,82.46,89.97,96.58,96.49,83.73,"Aug_Urb_21-plot8515",30,8,"SI_Urb_22-211",6.33,11.3,62.2,"",450,"KEEP",TRUE,59.08,80.21,131.48,39.57,0.9,12.33,483.58
"115","2020-1759",NA,66.23,70.28,82.45,93.35,95.22,99.09,84.44,"Aug_Urb_21-plot819",16,1,"SI_Urb_22-16",4.83,12,59.4,"",16,"KEEP",TRUE,57.42,81.99,133.14,36.48,0.78,20.36,471.53
"116","2020-1761",92,70.84,75.04,86.14,94.06,99.63,103.04,88.12,"Aug_Urb_21-plot820",17,1,"SI_Urb_22-17",4.44,12,60,"",17,"KEEP",TRUE,58.45,85.13,132.4,35.42,1.29,28.98,487.93
"117","2020-1842",84,69.32,71.9,85.86,99.05,100.82,103.44,88.4,"Aug_Urb_21-plot910",18,1,"SI_Urb_22-18",4.07,0,0,"",18,"KEEP",TRUE,57.51,86.55,134.6,39.04,1.37,22.36,478.12
"118","2020-1847",111,69.34,75.21,84.96,97.35,98.41,99.33,87.43,"Aug_Urb_21-plot911",19,1,"SI_Urb_22-19",4.01,0,0,"",19,"KEEP",TRUE,58.11,85.1,132.55,38.84,0.33,7.85,517.6
"119","2020-1862",NA,66.81,69.81,83.74,97.7,97.73,101.49,86.21,"Aug_Urb_21-plot912",20,1,"SI_Urb_22-20",5.79,12.8,57,"",20,"KEEP",TRUE,58.24,84.96,132.19,37.94,0.83,14.59,505.74
"120","2020-1865",NA,65.92,71.14,82.26,93.9,94.24,99.21,84.44,"Aug_Urb_21-plot913",21,1,"SI_Urb_22-21",5.56,12.6,57.4,"",21,"KEEP",TRUE,57.32,81.17,132.05,37.05,0.66,16.03,476.12
"121","2020-1908",NA,66.9,72.33,82.66,92.89,94.87,98.28,84.66,"Aug_Urb_21-plot917",22,1,"SI_Urb_22-22",5.8,12,58.9,"",22,"KEEP",TRUE,56.47,81.86,133.97,38.07,0.97,16.78,449.99
"122","2020-1919",NA,68.12,72.16,84.29,93.65,96.82,103.12,86.36,"Aug_Urb_21-plot919",23,1,"SI_Urb_22-23",6.51,11.8,60.7,"",23,"KEEP",TRUE,57.48,84.04,132.77,37.54,1.23,18.07,479.7
"123","2020-1956",25,72.33,73.97,89.23,103.35,105.33,109.41,92.27,"Aug_Urb_21-plot1001",24,1,"SI_Urb_22-24",5.92,11.6,55.9,"",24,"KEEP",TRUE,57.13,91.58,135.02,38.57,1.34,21.49,496.82
"124","2020-2010",47,72.89,77.23,88.23,97.06,102.32,105.76,90.58,"Aug_Urb_21-plot1007",25,1,"SI_Urb_22-25",7.37,11.4,62,"",25,"KEEP",TRUE,58.44,89.15,132.34,36.85,0.82,11.72,530.58
"125","2020-2032",NA,68.46,73.77,84.1,93.85,96.64,100.32,86.19,"Aug_Urb_21-plot1012",26,1,"SI_Urb_22-26",7.67,11.6,61.1,"",26,"KEEP",TRUE,57.68,84.01,132.15,36.13,1.07,19.12,488.38
"126","2020-2034",NA,68.16,72.65,83.15,91.55,96.57,96.44,84.75,"Aug_Urb_21-plot1013",27,1,"SI_Urb_22-27",6.92,11.8,59.2,"",27,"KEEP",TRUE,56.75,82.17,132.02,37.81,1.12,17.77,463.69
"127","2020-2037",134,68.3,69.56,84.79,95.49,99.55,103.3,86.83,"Aug_Urb_21-plot1015",28,1,"SI_Urb_22-28",7.25,11.5,60.4,"",28,"KEEP",TRUE,57.62,83.7,132.05,37.04,1.01,17.77,488.08
"128","2020-2068",NA,68.63,76.01,83.92,93.72,95.46,98.98,86.12,"Aug_Urb_21-plot1101",29,1,"SI_Urb_22-29",7.58,11.6,62.2,"",29,"KEEP",TRUE,58.59,82.92,130.96,37.16,0.51,9.76,509.66
"129","2020-2101",83,72.43,77.19,86.7,93.36,100.95,100.11,88.46,"Aug_Urb_21-plot1105",30,1,"SI_Urb_22-30",4.46,12.1,60.4,"10% cut",30,"KEEP",TRUE,58.73,85.76,130.69,37.59,0.66,8.08,525.84
"130","2020-2310",NA,66.42,70.79,82.05,94.45,96.05,94.32,84.01,"Aug_Urb_21-plot1202",30,2,"SI_Urb_22-31",5.26,11.8,59.8,"",90,"KEEP",TRUE,57.94,81.21,132.18,39.72,0.85,18.2,481.27
"131","2020-2318",NA,69.16,72.9,84.61,92.81,98.05,100.95,86.41,"Aug_Urb_21-plot1203",29,2,"SI_Urb_22-32",7.03,11.6,62,"",89,"KEEP",TRUE,59.17,83.17,132.06,37.73,0.8,17.8,494.96
"132","2020-2330",NA,67.79,73.59,84.01,94.16,95.43,102.91,86.32,"Aug_Urb_21-plot1206",28,2,"SI_Urb_22-33",6.96,11.7,59.6,"",88,"KEEP",TRUE,57.69,83.64,133.58,38.42,0.66,13.83,488.97
"133","2020-2334",36,71.59,74.05,88.17,101.65,103.71,106.96,91.02,"Aug_Urb_21-plot1207",27,2,"SI_Urb_22-34",7.42,11.7,60.9,"",87,"KEEP",TRUE,57.99,89.13,132.17,38.78,1.26,20.16,517.49
"134","2020-2335",NA,66.32,68.13,82.7,92.44,96.42,100.55,84.43,"Aug_Urb_21-plot1208",26,2,"SI_Urb_22-35",7.37,11.5,60.8,"",86,"KEEP",TRUE,57.82,82.15,132.04,39.23,0.83,21.28,483.44
"135","2020-2403",NA,66.26,68.67,81.9,91.76,96.23,95.73,83.43,"Aug_Urb_21-plot1302",25,2,"SI_Urb_22-36",6.62,11.5,61.7,"",85,"KEEP",TRUE,58.72,80.49,132.38,39.15,0.89,14.85,478.66
"136","2020-2615",NA,67.17,73.28,83.22,93.65,94.66,100.64,85.44,"Aug_Urb_21-plot1406",24,2,"SI_Urb_22-37",6.87,11.7,61.8,"",84,"KEEP",TRUE,59.08,82.41,133.78,38,0.96,10.57,483.26
"137","2020-2749",88,71.3,74.57,86.43,93.91,100.74,102.66,88.27,"Aug_Urb_21-plot1414",23,2,"SI_Urb_22-38",6.74,11.5,62.9,"",83,"KEEP",TRUE,59.84,85.72,132.32,37.17,1.11,16.61,503.21
"138","2020-2770",106,69.12,71.98,85.39,96.57,99.63,103.22,87.65,"Aug_Urb_21-plot1420",22,2,"SI_Urb_22-39",6.5,11.6,62.5,"",82,"KEEP",NA,59.81,84.53,132.7,38.77,1.06,15.52,496.09
"139","2020-2775",NA,68.64,73.68,84.07,92.86,96.73,99.93,85.98,"Aug_Urb_21-plot1501",21,2,"SI_Urb_22-40",6.11,11.5,61.1,"",81,"KEEP",TRUE,59.52,82.94,133.45,39.51,1.37,22,473.6
"140","2020-2864",44,72.92,74.97,88.42,97.45,104.09,105.79,90.61,"Aug_Urb_21-plot1510",20,2,"SI_Urb_22-41",5.71,11.7,60.1,"",80,"KEEP",TRUE,58.6,88.38,132.5,38.98,1.11,18.38,515.49
"141","2020-3205",NA,70.4,75.75,84.89,92.32,98.35,97.87,86.6,"Aug_Urb_21-plot1610",19,2,"SI_Urb_22-42",6.36,11.3,60.1,"",79,"KEEP",TRUE,58.08,83.07,132.92,37.06,1.03,23.63,481.93
"142","2020-3211",NA,66.67,68.5,81.69,88.74,96.19,94.56,82.72,"Aug_Urb_21-plot1612",18,2,"SI_Urb_22-43",5.54,11.6,62,"",78,"KEEP",TRUE,58.4,79,131.61,38.42,0.88,18.08,472.69
"143","2020-3234",105,69.8,70.42,85.89,95.22,101.36,104.02,87.78,"Aug_Urb_21-plot1616",17,2,"SI_Urb_22-44",6.01,11.8,59.8,"",77,"KEEP",TRUE,57.97,84.46,132.73,37,0.95,21.96,492.47
"144","2020-3530",NA,67.6,71.45,83.17,91.65,96.18,99.13,84.86,"Aug_Urb_21-plot1713",16,2,"SI_Urb_22-45",5.85,11.6,61.8,"",76,"KEEP",TRUE,59.02,81.41,133.17,38.41,0.89,10.8,482.08
"145","2020-3607",133,69.92,72.13,85.15,93.96,100.43,99.58,86.86,"Aug_Urb_21-plot1719",15,2,"SI_Urb_22-46",7.08,11.5,62.1,"",75,"KEEP",TRUE,59.08,84.15,132.73,37.82,1.02,15.39,494.56
"146","2020-3614",NA,69.39,73.35,83.79,90.28,97.83,96,85.11,"Aug_Urb_21-plot1802",14,2,"SI_Urb_22-47",6.48,11.7,62.1,"",74,"KEEP",TRUE,59.26,81.33,133.64,38.66,0.74,13.28,479.8
"147","2020-3744",64,71.92,77.99,86.92,95.24,99.81,103.07,89.16,"Aug_Urb_21-plot1901",13,2,"SI_Urb_22-48",7.03,11.6,58,"",73,"KEEP",TRUE,57.36,87.13,133.63,38.77,1.56,24.14,479.52
"148","2020-40034",65,70.98,74.57,86.84,96.69,100.87,104.96,89.15,"Aug_Urb_21-plot4815",29,8,"SI_Urb_22-212",7.65,11.3,61.3,"",449,"KEEP",TRUE,58.44,85.45,133.47,38.06,0.98,15.32,498.43
"149","2020-4337",NA,61.31,69.29,73.09,68.48,81.51,77.63,71.89,"Aug_Urb_21-plot2212",12,2,"SI_Urb_22-49",6.11,11.7,61.6,"",72,"KEEP",TRUE,58.21,66.08,131.39,39.4,0.5,6.78,413.14
"150","2020-4869",NA,66.17,70.61,82.2,92.19,94.54,98.73,84.07,"Aug_Urb_21-plot2520",11,2,"SI_Urb_22-50",7.29,11.7,62,"",71,"KEEP",TRUE,59.34,82.32,134.15,38.27,1.02,17.84,474.88
"151","2020-4878",NA,67.7,72.72,82.96,92.19,95.87,97.01,84.74,"Aug_Urb_21-plot2601",10,2,"SI_Urb_22-51",7.34,11.7,62.4,"",70,"KEEP",TRUE,59.53,81.39,132.23,37.59,1.42,20.57,472.19
"152","2020-4907",110,70.55,75.11,85.52,94.71,99.68,99.41,87.5,"Aug_Urb_21-plot2603",9,2,"SI_Urb_22-52",6.34,11.8,60.9,"",69,"KEEP",TRUE,58.88,82.55,133.1,38.86,0.45,8.97,497.27
"153","2020-4951",127,71.27,74.52,85.67,91.21,100.16,99.6,87.07,"Aug_Urb_21-plot2609",8,2,"SI_Urb_22-53",6.96,11.9,60.4,"",68,"KEEP",TRUE,58.46,83.86,133.07,37.3,1.24,16.61,486.63
"154","2020-5056",NA,64.49,72.94,78.45,85.03,88.88,87.06,79.47,"Aug_Urb_21-plot2616",7,2,"SI_Urb_22-54",6.21,11.6,61.8,"",67,"KEEP",TRUE,58.39,74.53,132.13,37,0.92,14.13,446.75
"155","2020-5238",NA,66.9,71.73,82.15,89.53,94.28,97.25,83.64,"Aug_Urb_21-plot2712",6,2,"SI_Urb_22-55",6.75,11.7,62.6,"",66,"KEEP",TRUE,60.25,79.28,132.71,38.02,0.91,11.06,472.2
"156","2020-5250",NA,69.18,73.83,84.15,91.91,97.38,98.58,85.84,"Aug_Urb_21-plot2714",5,2,"SI_Urb_22-56",6.72,11.7,62.7,"",65,"KEEP",TRUE,60.01,81.8,132.62,37.45,0.79,10.1,489.35
"157","2020-5258",NA,64.41,71.96,79.61,87.57,89.6,93.45,81.1,"Aug_Urb_21-plot2715",4,2,"SI_Urb_22-57",6.69,11.5,62.7,"",64,"KEEP",TRUE,59.97,76.47,133.21,37.2,0.39,6.74,464.23
"158","2020-528",NA,67.51,74.15,82.12,87.76,93.16,96.21,83.48,"Aug_Urb_21-plot209",1,1,"SI_Urb_22-1",4.12,0,0,"",1,"KEEP",TRUE,58.95,79.5,133.67,39.19,1.63,29.95,444.55
"159","2020-5308",NA,68.54,75.87,82.56,88.56,94.24,93.9,83.95,"Aug_Urb_21-plot2718",3,2,"SI_Urb_22-58",6.64,12,61.9,"",63,"KEEP",TRUE,59.37,81.4,133.47,38.82,0.51,6.18,489.56
"160","2020-5315",NA,68.58,74.5,82.48,86.25,94.43,94.66,83.48,"Aug_Urb_21-plot2801",2,2,"SI_Urb_22-59",6.16,11.8,61.1,"",62,"KEEP",TRUE,59.81,80.46,133.13,37.96,1.03,15.84,471.44
"161","2020-5361",107,68.89,75.91,85.01,96.43,96.41,103.21,87.64,"Aug_Urb_21-plot2807",1,2,"SI_Urb_22-60",6.7,11.4,61.5,"",61,"KEEP",TRUE,59.12,85.96,133.05,40.47,0.52,8.01,516.59
"162","2020-5369",NA,66.85,71.1,82.9,94.6,96.19,98.37,85,"Aug_Urb_21-plot2808",1,3,"SI_Urb_22-61",6.77,11.4,61.5,"",121,"KEEP",TRUE,58.8,82.26,131.88,38.02,0.62,11.76,497.73
"163","2020-5376",17,74.98,78,90.71,100.71,106.13,110.03,93.43,"Aug_Urb_21-plot2809",2,3,"SI_Urb_22-62",7.66,11.6,61.3,"",122,"KEEP",TRUE,58.45,90.81,132.01,37.24,1.22,19.09,529.24
"164","2020-5416",91,70.88,75.84,86.08,94.19,99.22,102.56,88.13,"Aug_Urb_21-plot2811",3,3,"SI_Urb_22-63",7.95,11.3,62.2,"",123,"KEEP",TRUE,59,84.21,132.39,37.75,0.91,18.62,496.46
"165","2020-5533",NA,67.69,71.31,82.84,90.91,96.45,96.78,84.33,"Aug_Urb_21-plot2903",4,3,"SI_Urb_22-64",6.75,11.2,62.5,"",124,"KEEP",TRUE,59.59,81.74,131.78,37.61,0.21,6.48,505.5
"166","2020-5541",NA,64.85,68.44,79.52,86.68,92.9,90,80.4,"Aug_Urb_21-plot2904",5,3,"SI_Urb_22-65",6.78,11.4,62.5,"",125,"KEEP",TRUE,58.95,76.49,131.76,38.04,0.74,11.64,463.97
"167","2020-5545",135,68.25,72.03,84.53,95.91,97.98,102.16,86.81,"Aug_Urb_21-plot2906",6,3,"SI_Urb_22-66",6.67,11.2,63.2,"",126,"KEEP",TRUE,58.82,84.32,132.28,37.57,0.74,9.54,506.7
"168","2020-571",94,70.34,72.9,86.02,94.99,100.56,103.18,88,"Aug_Urb_21-plot211",2,1,"SI_Urb_22-2",3.76,0,0,"",2,"KEEP",TRUE,59.28,84.17,132.62,39.87,1.34,21.77,485.59
"169","2020-5827",NA,68.95,71.43,84.53,95.46,99.85,98.59,86.47,"Aug_Urb_21-plot3005",7,3,"SI_Urb_22-67",6.5,12,61.5,"",127,"KEEP",TRUE,58.31,83.4,132.92,36.62,1.14,19.25,484.75
"170","2020-5871",136,69.7,74.46,84.87,93.6,98.26,99.88,86.8,"Aug_Urb_21-plot3009",8,3,"SI_Urb_22-68",6.51,11.6,61.6,"",128,"KEEP",TRUE,58.77,83.63,133.19,38.9,0.88,13.06,493.13
"171","2020-6010",108,71.34,74.39,85.95,93.49,101.17,99.22,87.59,"Aug_Urb_21-plot3013",9,3,"SI_Urb_22-69",7.31,12,61.5,"",129,"KEEP",TRUE,58.48,85.92,132.4,38.38,1.45,21.75,494.39
"172","2020-602",NA,67.84,73.75,82.55,88.6,94.22,96.8,83.96,"Aug_Urb_21-plot212",3,1,"SI_Urb_22-3",4.28,0,0,"",3,"KEEP",TRUE,58.24,80.9,133.52,37.99,1.74,28.39,452.17
"173","2020-6103",NA,67.42,74.52,82.82,92.63,94.19,97.68,84.88,"Aug_Urb_21-plot3105",10,3,"SI_Urb_22-70",7.47,11.8,61.5,"",130,"KEEP",TRUE,59.24,81.65,133.43,39.01,1.14,16.14,474.42
"174","2020-6116",129,69.61,73.15,85.15,93.23,98.65,102.27,87.01,"Aug_Urb_21-plot3108",11,3,"SI_Urb_22-71",7.64,11.7,62.5,"",131,"KEEP",TRUE,59.53,84.51,133.89,38.05,1.04,14.43,490.55
"175","2020-6117",87,70.85,72.71,86.47,94.41,101.26,104.27,88.33,"Aug_Urb_21-plot3109",12,3,"SI_Urb_22-72",7.52,12,58.8,"",132,"KEEP",TRUE,57.33,85.18,132.83,36.89,1.33,19.46,480.35
"176","2020-6148",19,75.79,79.31,90.58,99.23,106.49,106.54,92.99,"Aug_Urb_21-plot3112",13,3,"SI_Urb_22-73",7.21,11.9,60.7,"",133,"KEEP",TRUE,58.94,89.89,133.47,40.61,0.95,12.8,525.42
"177","2020-6154",128,71.45,78.21,85.42,91.16,98.02,98.16,87.07,"Aug_Urb_21-plot3113",14,3,"SI_Urb_22-74",6.77,12,61.1,"",134,"KEEP",TRUE,58.95,83.98,133.65,39,0.94,11.34,492.6
"178","2020-6171",118,71.2,76.7,85.49,93.01,99.3,97.8,87.25,"Aug_Urb_21-plot3115",15,3,"SI_Urb_22-75",6.97,11.7,61.1,"mixed with 16",135,"KEEP",TRUE,58.85,83.54,133.07,38.75,0.87,11.64,494.36
"179","2020-6201",NA,67.85,73.98,81.88,85.69,93.37,94.44,82.87,"Aug_Urb_21-plot3119",16,3,"SI_Urb_22-76",6.02,11.8,59.9,"mixed with 15",136,"KEEP",TRUE,58.17,78.15,133.28,37.91,1.22,16.27,454.6
"180","2020-6205",46,71.96,76.05,87.89,99.85,102.53,105.26,90.59,"Aug_Urb_21-plot3202",17,3,"SI_Urb_22-77",6.34,12,61.4,"",137,"KEEP",TRUE,58.97,90.52,132.85,38.92,1.01,14.98,529.81
"181","2020-6223",NA,66.94,73,82.4,90.92,93.83,98.08,84.19,"Aug_Urb_21-plot3203",18,3,"SI_Urb_22-78",6.18,11.9,59.7,"",138,"KEEP",TRUE,58.43,81.35,134.04,37.51,1.31,20.55,463.67
"182","2020-6254",45,72.09,74.82,88.15,98.26,102.86,107.45,90.61,"Aug_Urb_21-plot3209",19,3,"SI_Urb_22-79",5.88,11.6,60.5,"",139,"KEEP",TRUE,58.76,88.33,133.01,35.19,0.81,21.52,515.51
"183","2020-6335",NA,64.87,68.53,81.05,90.22,93.16,98.15,82.66,"Aug_Urb_21-plot3210",20,3,"SI_Urb_22-80",5.22,12,60.8,"",140,"KEEP",TRUE,59.34,79.75,132.91,35.22,1.41,22.21,458.55
"184","2020-6415",98,70.17,71.99,86,95.22,100.96,103.41,87.96,"Aug_Urb_21-plot3213",21,3,"SI_Urb_22-81",5.29,11.7,61.7,"",141,"KEEP",TRUE,59.5,84.76,132.21,37.83,1.08,12.52,501.71
"185","2020-6435",53,70.31,72.28,87.08,99.94,102.22,106.59,89.74,"Aug_Urb_21-plot3216",22,3,"SI_Urb_22-82",6.12,11.9,61.3,"",142,"KEEP",TRUE,58.3,87.58,132.07,36.89,1.54,22.64,503.05
"186","2020-6453",NA,66.12,67.5,82.02,90.27,96.05,98.27,83.37,"Aug_Urb_21-plot3217",23,3,"SI_Urb_22-83",5.75,12.3,61.5,"",143,"KEEP",TRUE,59.6,78.7,132.3,37.03,0.36,5.31,483.52
"187","2020-6633",96,70.74,76.3,85.74,96.27,99.72,99.09,87.98,"Aug_Urb_21-plot3311",24,3,"SI_Urb_22-84",6.86,11.6,62.1,"",144,"KEEP",TRUE,59.19,85.6,132.13,37.36,1.67,24.52,488.56
"188","2020-6909",NA,69.67,73.09,84.86,93.33,99.09,99.71,86.62,"Aug_Urb_21-plot3415",25,3,"SI_Urb_22-85",7.09,11.7,62.2,"",145,"KEEP",TRUE,59.24,85,132.92,39.01,1.11,16.72,495.79
"189","2020-7021",82,70.98,75.28,86.34,95.89,100.4,102.2,88.52,"Aug_Urb_21-plot3508",26,3,"SI_Urb_22-86",7.09,11.9,60.3,"",146,"KEEP",TRUE,58.59,86.07,132.96,38.93,1,13.27,505.67
"190","2020-7024",117,69.58,73.5,85.16,95.32,99.19,100.8,87.26,"Aug_Urb_21-plot3509",27,3,"SI_Urb_22-87",7.34,11.6,62.5,"",147,"KEEP",TRUE,59.89,83.28,133.36,38.48,0.55,7.17,499.63
"191","2020-7035",NA,68.83,70.78,84.41,93.1,99.13,100.25,86.08,"Aug_Urb_21-plot3511",28,3,"SI_Urb_22-88",6.96,11.8,60.8,"",148,"KEEP",TRUE,58.37,84.5,132.13,38.76,0.89,19.08,499.57
"192","2020-7369",112,69.01,71.94,85.12,97.1,99.83,101.35,87.39,"Aug_Urb_21-plot3709",29,3,"SI_Urb_22-89",6.93,11.8,60.5,"",149,"KEEP",TRUE,58.55,84.65,133.41,37.88,0.72,16.27,498.04
"193","2020-7415",NA,66.26,69.94,80.58,85.74,93.78,91.72,81.34,"Aug_Urb_21-plot3710",30,3,"SI_Urb_22-90",6.05,11.4,62.9,"",150,"KEEP",TRUE,60.06,76.28,132.45,40.14,0.19,1.97,473.3
"194","2020-7535",NA,68.31,72.05,83.43,91.62,97.16,97.46,85,"Aug_Urb_21-plot3809",30,4,"SI_Urb_22-91",6.86,11.8,61.8,"",210,"KEEP",TRUE,59.88,82.9,133.48,39.4,1.22,21.54,476.05
"195","2020-7719",70,71.35,74.99,86.85,94.83,100.6,104.87,88.91,"Aug_Urb_21-plot3901",29,4,"SI_Urb_22-92",7.36,11.8,60.9,"",209,"KEEP",TRUE,58.49,86.73,132.5,39.08,1.02,15.33,510.18
"196","2020-7737",58,71.15,75.57,86.95,98.6,101.25,103.48,89.5,"Aug_Urb_21-plot3903",28,4,"SI_Urb_22-93",7.45,11.4,61.8,"",208,"KEEP",TRUE,58.65,88.29,132.25,38.91,1.11,16.39,517.93
"197","2020-7746",NA,62.97,65.93,79.16,89.18,91.79,94.19,80.54,"Aug_Urb_21-plot3906",27,4,"SI_Urb_22-94",6.16,11.5,61.7,"",207,"KEEP",TRUE,59.14,77.06,132.1,36.76,1.02,12.31,460.61
"198","2020-7877",NA,67.84,73.13,82.72,92.47,96.19,94.4,84.46,"Aug_Urb_21-plot3918",26,4,"SI_Urb_22-95",7.35,11.5,61.8,"",206,"KEEP",TRUE,58.35,81.25,131.41,36.36,0.49,9.36,498.28
"199","2020-7917",73,72.59,75.81,87.14,93.65,102.1,101.8,88.85,"Aug_Urb_21-plot3919",25,4,"SI_Urb_22-96",6.92,11.5,63.1,"",205,"KEEP",TRUE,58.78,87.3,131.9,38.36,0.13,4.41,539.81
"200","2020-7954",NA,67.3,70.79,82.08,91.76,96.89,92.25,83.51,"Aug_Urb_21-plot4002",24,4,"SI_Urb_22-97",5.78,11.4,62.3,"",204,"KEEP",TRUE,58.97,80.51,131.27,37.53,0.43,10.1,495.31
"201","2020-8457",NA,63.81,69.34,77.94,82.43,89.29,87.89,78.45,"Aug_Urb_21-plot4113",23,4,"SI_Urb_22-98",5.57,11.7,61.8,"",203,"KEEP",TRUE,59.31,76.42,132.45,38.68,0.46,10.37,464.86
"202","2020-850",NA,67.28,69.33,82.12,86.39,95.63,96.94,82.95,"Aug_Urb_21-plot313",4,1,"SI_Urb_22-4",3.56,0,0,"",4,"KEEP",TRUE,59.41,78.53,133.67,38.62,0.82,14.55,461.86
"203","2020-8608",NA,69.13,72.72,84.29,91.6,97.85,99.73,85.89,"Aug_Urb_21-plot4118",22,4,"SI_Urb_22-99",6.25,11.7,61.4,"",202,"KEEP",TRUE,59.03,82.53,132.79,39.26,1.04,16.46,484.13
"204","2020-8628",NA,68.56,70.05,84.72,92.68,98.64,104.09,86.46,"Aug_Urb_21-plot4201",21,4,"SI_Urb_22-100",6.01,11.8,59.9,"",201,"KEEP",TRUE,58.19,83.92,133.31,39.12,0.52,15.02,498.73
"205","2020-8648",93,70.28,76.22,85.76,95.5,98.39,102.33,88.08,"Aug_Urb_21-plot4202",20,4,"SI_Urb_22-101",5.94,11.8,60.8,"",200,"KEEP",TRUE,58.91,84.98,132.6,39.48,1.28,21.7,491.15
"206","2020-8734",NA,63.51,70.85,78.89,86.98,88.67,93.03,80.32,"Aug_Urb_21-plot4211",19,4,"SI_Urb_22-102",6.05,11.9,61.1,"",199,"KEEP",TRUE,59.48,76.63,134.11,38.28,1.22,21.7,438.34
"207","2020-8754",99,70.21,72.07,86.06,94.18,100.49,104.64,87.94,"Aug_Urb_21-plot4213",18,4,"SI_Urb_22-103",6.07,11.9,60,"",198,"KEEP",TRUE,58.83,84.97,133.61,36.11,0.73,11.58,501.87
"208","2020-8922",NA,67.53,69.09,82.97,91.08,97.69,97.63,84.33,"Aug_Urb_21-plot4305",17,4,"SI_Urb_22-104",6.38,11.6,62.7,"",197,"KEEP",TRUE,59.63,81.07,133.46,36.69,1.24,18.49,467.78
"209","2020-9168",NA,69.58,74.48,83.94,92.55,98.25,94.53,85.56,"Aug_Urb_21-plot4408",16,4,"SI_Urb_22-105",6.42,11.3,62.1,"",196,"KEEP",TRUE,59.08,81.91,131.57,38.26,0.57,9.3,499.98
"210","2020-9242",NA,65.53,71.64,79.64,81.92,89.98,92.65,80.23,"Aug_Urb_21-plot4415",15,4,"SI_Urb_22-106",7.28,11.7,61.4,"",195,"KEEP",TRUE,59.28,77.33,134.2,39.07,0.7,9.02,457.53
"211","2020-927",NA,62.41,68.7,78.46,88.73,88.83,93.37,80.08,"Aug_Urb_21-plot316",5,1,"SI_Urb_22-5",2.58,0,0,"",5,"KEEP",TRUE,58.35,77.37,132.8,38.08,1.15,20.89,451.12
"212","2020-9376",62,72.27,75.89,87.2,95.41,102,102.41,89.2,"Aug_Urb_21-plot4510",14,4,"SI_Urb_22-107",6.71,11.7,59.4,"",194,"KEEP",TRUE,57.59,86.93,132.05,38.78,1.07,15.33,505.67
"213","2020-9638",NA,67.42,75.35,82.72,92.31,93.52,97.52,84.81,"Aug_Urb_21-plot4609",13,4,"SI_Urb_22-108",6.96,11.7,61.5,"",193,"KEEP",TRUE,58.82,82.28,132.18,37.72,0.92,11.84,491.16
"214","2020-9801",39,72.48,74.97,88.42,98.18,103.38,107.5,90.82,"Aug_Urb_21-plot4701",12,4,"SI_Urb_22-109",7.95,11.6,61.6,"",192,"KEEP",TRUE,59.05,87.38,132.74,37.47,1.16,19.45,507.13
"215","2020-9818",NA,67.09,71.95,82.31,89.92,94.59,97.17,83.84,"Aug_Urb_21-plot4702",11,4,"SI_Urb_22-110",7.33,11.2,62.5,"",191,"KEEP",TRUE,59.06,81,131.88,36.81,1.09,19.23,478.18
"216","2020-9828",137,69.57,72.91,84.97,93.36,98.92,100.96,86.78,"Aug_Urb_21-plot4705",10,4,"SI_Urb_22-111",7.26,11.6,62.2,"",190,"KEEP",TRUE,59.18,84.31,132.03,37.9,1.64,21.48,484.78
"217","2020-9856",115,69.88,69.6,85.72,93.55,101.58,103.54,87.31,"Aug_Urb_21-plot4708",9,4,"SI_Urb_22-112",7.99,11.6,62.2,"",189,"KEEP",TRUE,58.42,83.38,133.38,37.78,1.08,16.47,484.96
"218","2020-9945",74,70.98,72.76,86.77,96.28,102.08,104.15,88.84,"Aug_Urb_21-plot4720",8,4,"SI_Urb_22-113",7.28,11.5,61.7,"",188,"KEEP",TRUE,58.19,86.55,134.01,33.35,1.25,19.7,493.84
"219","IL16LCSDH-01-T-863-10",72,80.18,68.15,84.61,98.11,99.34,102.92,88.89,"DH2_Urb_21-plot107",NA,NA,"",NA,NA,NA,"",NA,"",NA,59.59,83.76,134.71,38.39,1.57,28.06,463.7
"220","IL16LCSDH-01-T-863-121",NA,72.25,70.74,85.69,91.19,98.06,100.36,86.38,"DH_Urb_21-plot213",NA,NA,"",NA,NA,NA,"",NA,"",NA,59.5,82.96,134.71,36.64,1.12,18.76,473.1
"221","IL16LCSDH-01-T-863-32",140,60.9,70.32,80.26,100.73,101.49,106.81,86.75,"DH2_Urb_21-plot116",NA,NA,"",NA,NA,NA,"",NA,"",NA,59.34,89.1,134.69,34.56,1.35,19.96,502.05
"222","IL16LCSDH-01-T-863-5",102,69.06,68.86,83.39,98.48,100.56,106.8,87.86,"DH2_Urb_21-plot104",NA,NA,"",NA,NA,NA,"",NA,"",NA,58.83,86.25,134.13,35.95,1.12,24.36,490.48
"223","IL16LCSDH-01-T-863-52",NA,56.32,72.08,83.02,97.95,99.77,103.54,85.45,"DH_Urb_21-plot102",NA,NA,"",NA,NA,NA,"",NA,"",NA,59.41,86.78,134.82,36.04,2.06,35.76,465.39
"224","IL16LCSDH-01-T-863-53",NA,67.53,69.04,77.94,89.29,84.74,87.86,79.4,"DH_Urb_21-plot103",NA,NA,"",NA,NA,NA,"",NA,"",NA,58.76,76.22,136.13,37.45,1.77,31.68,410.34
"225","IL16LCSDH-01-T-863-58",30,76.13,72.97,88.69,99.98,105.59,108.76,92.02,"DH_Urb_21-plot106",NA,NA,"",NA,NA,NA,"",NA,"",NA,60.33,89.65,134.45,37.05,0.55,14.04,524.91
"226","IL16LCSDH-01-T-863-6",100,67.03,72.31,85.85,99.42,98.63,104.22,87.91,"DH2_Urb_21-plot105",NA,NA,"",NA,NA,NA,"",NA,"",NA,60.3,83.45,134.4,37.55,0.92,15.76,482.97
"227","IL16LCSDH-01-T-863-63",NA,62.25,70.85,79.35,95.58,103.33,105.97,86.22,"DH_Urb_21-plot111",NA,NA,"",NA,NA,NA,"",NA,"",NA,58.59,87.25,134.12,36.41,1.39,25.72,490.46
"228","IL16LCSDH-01-T-863-69",NA,62.46,69.09,79.98,94.97,96.89,101.12,84.09,"DH_Urb_21-plot114",NA,NA,"",NA,NA,NA,"",NA,"",NA,58.91,82.69,134.61,34.9,1,18.23,474.54
"229","IL16LCSDH-01-T-863-72",NA,67.34,67.96,82.4,96.99,99.87,102.88,86.24,"DH2_Urb_21-plot214",NA,NA,"",NA,NA,NA,"",NA,"",NA,58.43,85.13,132.39,37.36,0.85,12.03,507.05
"230","IL16LCSDH-01-T-863-87",27,80.91,72.85,89.54,98.87,103.39,106.86,92.07,"DH_Urb_21-plot120",NA,NA,"",NA,NA,NA,"",NA,"",NA,59.63,88.11,135.12,38.05,1.37,24.27,490.88
"231","IL16LCSDH-01-T-863-92",126,72.74,75.34,83.45,92.39,99.33,99.21,87.08,"DH_Urb_21-plot204",NA,NA,"",NA,NA,NA,"",NA,"",NA,59.63,85.72,134.76,36.27,1.37,24.69,479.79
"232","IL16LCSDH-02-T-864-20",NA,66.73,67.06,77.89,86.99,92.61,85.59,79.48,"DH_Urb_21-plot313",NA,NA,"",NA,NA,NA,"",NA,"",NA,58.93,74.41,131.25,36.89,0.5,6.09,462.04
"233","IL16LCSDH-02-T-864-24",NA,72.45,69.68,85.24,85.72,96.52,94.34,83.99,"DH_Urb_21-plot315",NA,NA,"",NA,NA,NA,"",NA,"",NA,59.11,78.72,132.12,37.64,0.68,9.8,476.65
"234","IL16LCSDH-02-T-864-27",NA,66.32,72.35,79.47,82.47,93.97,90.19,80.8,"DH_Urb_21-plot316",NA,NA,"",NA,NA,NA,"",NA,"",NA,59.38,77.18,131.74,36.35,0.71,11.15,468.66
"235","IL16LCSDH-02-T-864-29",NA,60.19,72.45,83.38,92.88,100.65,100.12,84.94,"DH_Urb_21-plot317",NA,NA,"",NA,NA,NA,"",NA,"",NA,58.19,83.85,132.67,37.22,0.97,13.39,495.47
"236","IL16LCSDH-02-T-864-37",NA,61.35,70.99,80.91,90.84,93.6,97.86,82.59,"DH_Urb_21-plot320",NA,NA,"",NA,NA,NA,"",NA,"",NA,58.8,80.31,132.27,36.82,0.91,10.01,480.97
"237","IL16LCSDH-02-T-864-38",131,71.6,65.02,85.12,100.58,98.26,101.26,86.97,"DH_Urb_21-plot401",NA,NA,"",NA,NA,NA,"",NA,"",NA,58.22,82.41,132.04,37.22,0.36,4.84,506.61
"238","IL16LCSDH-02-T-864-5",NA,63.77,69.03,85.49,96.69,99.23,100.06,85.71,"DH2_Urb_21-plot303",NA,NA,"",NA,NA,NA,"",NA,"",NA,58.63,82.42,132.23,37.72,0.57,7.02,500.61
"239","IL16LCSDH-02-T-864-54",132,64.14,70.03,84.47,95.46,102.67,104.53,86.88,"DH_Urb_21-plot406",NA,NA,"",NA,NA,NA,"",NA,"",NA,58.79,85.08,131.95,36,1.08,15.79,502.71
"240","IL16LCSDH-02-T-864-59",52,70.81,75.02,88.67,97.45,101.89,105.37,89.87,"DH_Urb_21-plot407",NA,NA,"",NA,NA,NA,"",NA,"",NA,59.15,88.36,132.77,38.01,0.46,9.2,531.95
"241","IL16LCSDH-02-T-864-6",NA,64.89,72.06,84.04,95.83,100.31,102.23,86.56,"DH2_Urb_21-plot304",NA,NA,"",NA,NA,NA,"",NA,"",NA,59.23,84.55,132.07,36.92,0.34,2.21,520.9
"242","IL16LCSDH-02-T-864-60",NA,66.73,71.89,80.09,86.16,96.8,89.68,81.89,"DH_Urb_21-plot408",NA,NA,"",NA,NA,NA,"",NA,"",NA,59.22,77.92,132.16,37.21,0.8,10.85,469.45
"243","IL16LCSDH-02-T-864-63",139,60.69,72.91,85.38,96.58,100.25,104.77,86.76,"DH_Urb_21-plot409",NA,NA,"",NA,NA,NA,"",NA,"",NA,58.18,87.98,132.34,37.02,0.08,1.14,544.56
"244","IL16LCSDH-02-T-864-8",NA,68.79,74.73,84.85,89.74,97.52,97.17,85.47,"DH2_Urb_21-plot306",NA,NA,"",NA,NA,NA,"",NA,"",NA,58.65,80.02,132.21,36.9,0.92,11.54,478.6
"245","IL16LCSDH-03-T-865-28",NA,58.14,71.38,82.43,95.14,97.29,102.98,84.56,"DH2_Urb_21-plot416",NA,NA,"",NA,NA,NA,"",NA,"",NA,58.33,84.5,131.9,35.52,0.64,10.4,510.87
"246","IL16LCSDH-03-T-865-32",NA,62.37,65.91,77.83,90.35,91.79,93.45,80.28,"DH2_Urb_21-plot417",NA,NA,"",NA,NA,NA,"",NA,"",NA,58.34,78.02,133.82,37.23,0.67,14.17,460.76
"247","IL16LCSDH-03-T-865-35",NA,61.76,67.82,79.31,89.41,95.64,99.59,82.25,"DH_Urb_21-plot410",NA,NA,"",NA,NA,NA,"",NA,"",NA,58.29,80.7,132.91,35.91,0.69,9.65,483.48
"248","IL16LCSDH-03-T-865-36",NA,64.4,72.19,82.15,87.54,97.27,97.5,83.51,"DH_Urb_21-plot411",NA,NA,"",NA,NA,NA,"",NA,"",NA,60.02,80.55,132.05,36.99,0.65,10.77,487.3
"249","IL16LCSDH-03-T-865-39",NA,54.42,68.32,81.68,93.63,96.84,99.53,82.4,"DH_Urb_21-plot412",NA,NA,"",NA,NA,NA,"",NA,"",NA,59.22,83.09,132.11,36.24,0.75,13.09,498.14
"250","IL16LCSDH-03-T-865-40",NA,67.37,67.9,77.78,87.92,97.06,97.4,82.57,"DH_Urb_21-plot413",NA,NA,"",NA,NA,NA,"",NA,"",NA,58.9,79.73,132.3,36.34,0.63,12.01,480.88
"251","IL16LCSDH-03-T-865-46",NA,54.39,69.57,79.19,97.07,101.39,103.01,84.1,"DH_Urb_21-plot417",NA,NA,"",NA,NA,NA,"",NA,"",NA,59.41,83.1,132.12,35.95,1.15,13.81,491.03
"252","IL16LCSDH-03-T-865-65",NA,63.37,70.06,82,92.25,95.29,95.6,83.1,"DH_Urb_21-plot420",NA,NA,"",NA,NA,NA,"",NA,"",NA,59.07,80.51,134.16,37.12,0.61,15.17,473.15
"253","IL16LCSDH-04-T-2659-20",37,92.22,71.63,90.37,91.81,98.55,101.25,90.97,"DH_Urb_21-plot514",NA,NA,"",NA,NA,NA,"",NA,"",NA,59.58,83.8,133.83,35.53,1.06,10.4,489.27
"254","IL16LCSDH-04-T-2659-207",7,94.3,74.08,92.57,96.9,105.65,102.79,94.38,"DH_Urb_21-plot1406",NA,NA,"",NA,NA,NA,"",NA,"",NA,59.53,86.83,133.66,38.06,1.87,25.43,482.51
"255","IL16LCSDH-04-T-2659-212",63,75.57,70.77,84.04,96.9,101.66,106.2,89.19,"DH_Urb_21-plot1409",NA,NA,"",NA,NA,NA,"",NA,"",NA,59.29,87.44,133.71,35.96,1.13,14.64,505.97
"256","IL16LCSDH-04-T-2659-216",11,84.31,76.38,91.45,97.07,106.54,108.19,93.99,"DH_Urb_21-plot1411",NA,NA,"",NA,NA,NA,"",NA,"",NA,59.03,89.84,133.58,36.02,1.13,18.34,517.36
"257","IL16LCSDH-04-T-2659-225",28,87.98,73.45,91.81,93,102.87,103.31,92.07,"DH_Urb_21-plot1418",NA,NA,"",NA,NA,NA,"",NA,"",NA,59.8,85.17,133.29,36.27,1.17,13.86,495.73
"258","IL16LCSDH-04-T-2659-23",NA,81.3,72.75,80.08,88.35,92.7,96.16,85.22,"DH_Urb_21-plot516",NA,NA,"",NA,NA,NA,"",NA,"",NA,60.25,80.81,133.11,35.77,0.74,10.23,481.71
"259","IL16LCSDH-04-T-2659-231",NA,77.34,74.47,82.95,87.74,94.36,93.62,85.08,"DH_Urb_21-plot1501",NA,NA,"",NA,NA,NA,"",NA,"",NA,60.22,81.56,133.88,37.31,0.57,6.26,487.1
"260","IL16LCSDH-04-T-2659-232",50,75.41,70.89,91.85,96.34,102.05,104.72,90.21,"DH_Urb_21-plot1502",NA,NA,"",NA,NA,NA,"",NA,"",NA,58.5,85.73,134.4,36.37,1.1,12.15,494.96
"261","IL16LCSDH-04-T-2659-3",9,80.25,74.36,93.25,100.5,108.07,109.19,94.27,"DH_Urb_21-plot504",NA,NA,"",NA,NA,NA,"",NA,"",NA,59.14,90.83,133.4,36.36,1.8,25.74,506.27
"262","IL16LCSDH-04-T-2659-8",49,92.35,75.35,86.47,91.08,95.73,100.66,90.27,"DH_Urb_21-plot507",NA,NA,"",NA,NA,NA,"",NA,"",NA,59.49,83.61,133.48,36.96,1.26,18.01,481.75
"263","IL16LCSDH-05-T-2660-3",NA,50.44,71.38,79.45,90.8,100,100.73,82.13,"DH2_Urb_21-plot418",NA,NA,"",NA,NA,NA,"",NA,"",NA,60.41,84.99,133.07,36.86,1.42,19.2,488.01
"264","IL16LCSDH-06-T-2661-12",61,72.05,70.37,84.91,99.84,101.52,107.33,89.34,"DH_Urb_21-plot612",NA,NA,"",NA,NA,NA,"",NA,"",NA,57.66,88.34,133.82,36.99,1.71,27.89,484.66
"265","IL16LCSDH-06-T-2661-17",22,57.95,75.49,91.7,106.01,108.73,115.75,92.61,"DH_Urb_21-plot616",NA,NA,"",NA,NA,NA,"",NA,"",NA,57.96,93.99,135.04,37.65,1.67,22.78,517.84
"266","IL16LCSDH-06-T-2661-19",121,58.89,73.39,85.58,97.91,100.86,106.21,87.14,"DH2_Urb_21-plot504",NA,NA,"",NA,NA,NA,"",NA,"",NA,58.13,86.53,133.1,38.24,1.29,22.78,496.05
"267","IL16LCSDH-06-T-2661-202",104,71.24,71.92,86.74,97.01,97.25,102.54,87.78,"DH_Urb_21-plot1508",NA,NA,"",NA,NA,NA,"",NA,"",NA,59.02,84.83,133.75,37.76,0.24,9.68,509.73
"268","IL16LCSDH-06-T-2661-206",29,77.56,72.92,91.38,101.55,101.7,107.12,92.04,"DH_Urb_21-plot1509",NA,NA,"",NA,NA,NA,"",NA,"",NA,57.4,90.75,133.63,36.04,1.52,26.84,497.99
"269","IL16LCSDH-06-T-2661-21",NA,77.31,70.33,84.22,92.16,94.85,97.9,86.13,"DH2_Urb_21-plot505",NA,NA,"",NA,NA,NA,"",NA,"",NA,58.6,81.03,132.94,36.61,0.84,11.75,481.31
"270","IL16LCSDH-06-T-2661-212",130,65.65,69.91,82.36,97.71,100.94,105.38,86.99,"DH_Urb_21-plot1512",NA,NA,"",NA,NA,NA,"",NA,"",NA,57.98,84.83,133.3,38.82,1.07,20.18,490.83
"271","IL16LCSDH-06-T-2661-228",26,73.07,73.56,86.91,102.74,106.17,111,92.24,"DH2_Urb_21-plot704",NA,NA,"",NA,NA,NA,"",NA,"",NA,57.39,92.42,134.15,37.14,1.38,23.13,508.92
"272","IL16LCSDH-06-T-2661-231",NA,61.59,69.61,78.6,94.15,93.76,99.48,82.87,"DH_Urb_21-plot1602",NA,NA,"",NA,NA,NA,"",NA,"",NA,57.8,81.41,134.61,37.5,0.81,13.79,470.32
"273","IL16LCSDH-06-T-2661-234",NA,65.5,72.63,86.1,89.67,98.61,101.51,85.67,"DH_Urb_21-plot1605",NA,NA,"",NA,NA,NA,"",NA,"",NA,58.28,82.52,133.93,38.7,0.86,12.26,483.63
"274","IL16LCSDH-06-T-2661-39",48,84.2,71.11,88.14,93.62,100.84,105.06,90.5,"DH2_Urb_21-plot507",NA,NA,"",NA,NA,NA,"",NA,"",NA,58.28,85.22,133.22,37.49,1.51,21.89,484.94
"275","IL16LCSDH-06-T-2661-52",NA,66.25,75.56,86.22,94.25,94.79,99.9,86.16,"DH_Urb_21-plot706",NA,NA,"",NA,NA,NA,"",NA,"",NA,58.34,85.35,133.14,38.62,1.14,19.07,494.46
"276","IL16LCSDH-06-T-2661-9",NA,59.81,70.74,84.85,95.71,99.41,107.73,86.38,"DH2_Urb_21-plot503",NA,NA,"",NA,NA,NA,"",NA,"",NA,57.3,87.62,134.04,36.49,1.59,25.91,477
"277","IL16LCSDH-07-T-2662-201",123,68.35,75.21,83.92,94.27,99.54,101.4,87.11,"DH_Urb_21-plot1606",NA,NA,"",NA,NA,NA,"",NA,"",NA,59.26,86.87,133.88,38.52,1.06,11.23,505.5
"278","IL16LCSDH-07-T-2662-202",8,74.51,76.57,90.21,103.03,107.24,114.12,94.28,"DH_Urb_21-plot1607",NA,NA,"",NA,NA,NA,"",NA,"",NA,58.3,94.42,134.51,37.1,1.94,31.06,512.48
"279","IL16LCSDH-07-T-2662-203",35,78.89,75.54,86.29,100.8,100.92,103.77,91.03,"DH_Urb_21-plot1608",NA,NA,"",NA,NA,NA,"",NA,"",NA,59.48,90.77,134.64,37.28,1.06,13.9,521.19
"280","IL16LCSDH-07-T-2662-21",NA,67.27,72.09,87.17,89.96,97.66,100.35,85.75,"DH_Urb_21-plot805",NA,NA,"",NA,NA,NA,"",NA,"",NA,60.06,82.09,135.63,36.65,1.89,32.58,441.6
"281","IL16LCSDH-07-T-2662-22",NA,56.31,70.53,83.33,94.59,100.65,101.08,84.42,"DH_Urb_21-plot807",NA,NA,"",NA,NA,NA,"",NA,"",NA,59.67,83.49,134.23,37.59,1.22,21.6,475.12
"282","IL16LCSDH-07-T-2662-222",NA,71.06,66.85,79.21,84.06,87.89,93.4,80.41,"DH_Urb_21-plot1616",NA,NA,"",NA,NA,NA,"",NA,"",NA,59.79,77.16,134.88,38.89,1.25,21.68,436.44
"283","IL16LCSDH-07-T-2662-225",38,81.81,72.77,88.42,96.42,101.31,104.87,90.93,"DH_Urb_21-plot1618",NA,NA,"",NA,NA,NA,"",NA,"",NA,60.3,85.85,134.73,37.79,1.33,25.74,480.52
"284","IL16LCSDH-07-T-2662-23",NA,76.11,67.37,84.19,92.02,96.84,99.46,86,"DH_Urb_21-plot808",NA,NA,"",NA,NA,NA,"",NA,"",NA,58.66,82.21,133.85,38.15,1.29,18.24,471.38
"285","IL16LCSDH-07-T-2662-237",NA,73.84,70.2,86.12,91.37,96.62,100.57,86.45,"DH_Urb_21-plot1704",NA,NA,"",NA,NA,NA,"",NA,"",NA,59.14,84.41,135.69,36.52,1.35,21.32,470.08
"286","IL16LCSDH-07-T-2662-241",78,75.62,71.8,86.91,94.02,101.38,102.47,88.7,"DH_Urb_21-plot1705",NA,NA,"",NA,NA,NA,"",NA,"",NA,59.49,85.04,134.52,36.21,1.54,28.31,472.07
"287","IL16LCSDH-07-T-2662-31",NA,62.11,70.63,82.86,93.41,95.08,100.09,84.03,"DH_Urb_21-plot810",NA,NA,"",NA,NA,NA,"",NA,"",NA,60.21,82.31,134.89,38.51,1.22,22.1,464.77
"288","IL16LCSDH-07-T-2662-43",NA,66.69,70.19,80.46,93.11,93.63,99.4,83.91,"DH_Urb_21-plot814",NA,NA,"",NA,NA,NA,"",NA,"",NA,58.48,83.27,135.08,37.03,1.63,28.55,457.71
"289","IL16LCSDH-07-T-2662-47",113,70.18,69.64,86.15,98.57,97.34,102.24,87.35,"DH_Urb_21-plot815",NA,NA,"",NA,NA,NA,"",NA,"",NA,58.87,86.39,134.68,38.33,1.89,31.93,469.82
"290","IL16LCSDH-08-T-2663-21",6,83.54,77.46,88.99,100.74,106.89,109.12,94.46,"DH_Urb_21-plot905",NA,NA,"",NA,NA,NA,"",NA,"",NA,59.59,93.12,134.43,38.99,1.77,27.64,511.87
"291","IL16LCSDH-08-T-2663-55",5,77.15,72.07,91.19,103.49,110.35,113.19,94.57,"DH_Urb_21-plot913",NA,NA,"",NA,NA,NA,"",NA,"",NA,60.39,91.7,133.76,38.56,1.44,19.57,519.9
"292","IL16LCSDH-09-T-2664-16",4,83.75,77.85,94.65,97.8,108.36,105.88,94.72,"DH_Urb_21-plot1005",NA,NA,"",NA,NA,NA,"",NA,"",NA,60.05,90.51,134.09,36.85,1.14,21.58,515.67
"293","IL16LCSDH-09-T-2664-18",42,68.15,70.79,87.21,101.19,106.51,109.95,90.63,"DH_Urb_21-plot1006",NA,NA,"",NA,NA,NA,"",NA,"",NA,58.94,90.72,134.44,36.76,0.73,15.62,526.69
"294","IL16LCSDH-09-T-2664-20",1,72.46,76.62,92.27,107.4,110.96,116,95.95,"DH_Urb_21-plot1007",NA,NA,"",NA,NA,NA,"",NA,"",NA,59.9,93.14,134.12,37.13,1.01,19.35,534.1
"295","IL16LCSDH-09-T-2664-23",2,81.17,76.38,91.84,104.07,107.26,113.96,95.78,"DH_Urb_21-plot1008",NA,NA,"",NA,NA,NA,"",NA,"",NA,59.84,91.26,134.33,37.49,0.89,17.55,525.95
"296","IL16LCSDH-09-T-2664-24",18,79.74,74.28,93.29,98.56,107.7,106.21,93.3,"DH_Urb_21-plot1009",NA,NA,"",NA,NA,NA,"",NA,"",NA,59.96,90.64,134.04,37.01,1.07,20.2,518.98
"297","IL16LCSDH-09-T-2664-27",10,77.83,76.05,91.86,100.4,108.49,110.31,94.16,"DH_Urb_21-plot1010",NA,NA,"",NA,NA,NA,"",NA,"",NA,59.35,92.47,134.76,37.09,1.56,28.09,510.18
"298","IL16LCSDH-09-T-2664-28",3,77.04,75.57,96.53,100.07,109.21,110.54,94.83,"DH_Urb_21-plot1011",NA,NA,"",NA,NA,NA,"",NA,"",NA,60.07,92.2,133.93,37.32,0.88,17.53,533.52
"299","IL16LCSDH-09-T-2664-30",20,75.63,74.43,91.09,99.51,105.92,109.99,92.76,"DH_Urb_21-plot1012",NA,NA,"",NA,NA,NA,"",NA,"",NA,58.87,90.78,134.93,37.35,1.38,25.84,505.06
"300","IL16LCSDH-09-T-2664-36",14,75.02,73.69,92.91,100.65,108.91,110.9,93.68,"DH_Urb_21-plot1016",NA,NA,"",NA,NA,NA,"",NA,"",NA,59.96,89.7,134.05,37.36,0.96,18.13,517.25
"301","IL16LCSDH-09-T-2664-40",12,77.56,73.24,93.19,99.16,108.04,112.23,93.9,"DH_Urb_21-plot1017",NA,NA,"",NA,NA,NA,"",NA,"",NA,60.12,89.61,134.15,37.39,0.96,18.52,515.82
"302","IL16LCSDH-09-T-2664-43",31,76.7,71.16,92.31,96.32,106.96,108.28,91.96,"DH_Urb_21-plot1019",NA,NA,"",NA,NA,NA,"",NA,"",NA,59.88,89.17,134.34,37.38,0.88,17.2,514.82
"303","IL16LCSDH-10-T-2665-19",NA,61.36,70.15,80.03,87.12,91.68,93.55,80.65,"DH_Urb_21-plot1112",NA,NA,"",NA,NA,NA,"",NA,"",NA,59.38,78.14,133,36.74,1.06,12.04,461.25
"304","IL16LCSDH-10-T-2665-20",NA,55.99,74.54,83.79,95.31,100.37,100.87,85.15,"DH_Urb_21-plot1113",NA,NA,"",NA,NA,NA,"",NA,"",NA,59.23,85.36,133.98,35.63,0.95,13.01,497.22
"305","IL16LCSDH-10-T-2665-21",13,82.59,74.65,90.17,101.63,103.69,109.61,93.72,"DH_Urb_21-plot1114",NA,NA,"",NA,NA,NA,"",NA,"",NA,59.69,88.79,132.84,35.74,1.85,28.44,495.65
"306","IL16LCSDH-10-T-2665-22",43,71.55,72.56,87.13,102.5,101.88,108.07,90.61,"DH_Urb_21-plot1115",NA,NA,"",NA,NA,NA,"",NA,"",NA,58.48,90.08,134.64,36.45,1.66,27.7,496.4
"307","IL16LCSDH-10-T-2665-41",34,68.73,72.3,90.22,100.84,105.13,112.07,91.55,"DH_Urb_21-plot1208",NA,NA,"",NA,NA,NA,"",NA,"",NA,59.37,90.96,133.41,34.83,1.32,22.68,517.94
"308","IL16LCSDH-10-T-2665-42",114,81.03,73.76,86.99,90.31,98.19,93.83,87.35,"DH_Urb_21-plot1209",NA,NA,"",NA,NA,NA,"",NA,"",NA,61.44,80.38,132.28,36.72,1.11,14.1,475.51
"309","IL16LCSDH-10-T-2665-52",24,80.59,71.77,90.6,99.89,102.69,109.76,92.55,"DH_Urb_21-plot1214",NA,NA,"",NA,NA,NA,"",NA,"",NA,58.4,87.74,135.16,36.41,2.28,36.73,463.92
"310","IL16LCSDH-10-T-2665-54",NA,58.25,73.52,84.34,94.42,97.39,102.53,85.08,"DH_Urb_21-plot1215",NA,NA,"",NA,NA,NA,"",NA,"",NA,59.52,84.49,133.17,35.16,1.57,24.42,478.55
"311","IL16LCSDH-10-T-2665-69",NA,66.02,68.62,79.08,85.88,89.9,90.33,79.97,"DH_Urb_21-plot1220",NA,NA,"",NA,NA,NA,"",NA,"",NA,59.93,74.66,132.88,35.69,1.05,15.7,440.42
"312","IL16LCSDH-10-T-2665-70",NA,54.32,71.14,78.63,92.82,92.18,92.52,80.27,"DH_Urb_21-plot1301",NA,NA,"",NA,NA,NA,"",NA,"",NA,59.93,77.79,132.64,36.44,1.55,22.29,447.17
"313","IL16LCSDH-10-T-2665-75",NA,68.29,66.52,77.99,84.17,85.26,86.53,78.13,"DH_Urb_21-plot1303",NA,NA,"",NA,NA,NA,"",NA,"",NA,60.11,72.56,133.99,40.15,1.08,14.1,423.15
"314","IL16LCSDH-10-T-2665-8",NA,58.72,68.67,76.95,86.9,87.56,93.08,78.65,"DH_Urb_21-plot1102",NA,NA,"",NA,NA,NA,"",NA,"",NA,59.62,79.07,134.08,38.46,1.49,22.1,447.3
"315","IL16LCSDH-11-T-2666-206",41,83.42,72.07,83.39,94.51,105.17,105.2,90.63,"DH_Urb_21-plot1714",NA,NA,"",NA,NA,NA,"",NA,"",NA,58.86,88.18,133.96,36.71,1.47,27.81,493.5
"316","IL16LCSDH-11-T-2666-208",101,67.33,70.5,86.26,97.08,102.14,103.85,87.86,"DH_Urb_21-plot1716",NA,NA,"",NA,NA,NA,"",NA,"",NA,59.66,88.38,133.58,35.61,1.5,26.75,496.85
"317","IL16LCSDH-11-T-2666-212",122,69.46,71.46,84.64,95.76,99.7,101.72,87.12,"DH_Urb_21-plot1719",NA,NA,"",NA,NA,NA,"",NA,"",NA,59.48,84.66,133.67,36.3,1.09,20.36,487.66
"318","IL16LCSDH-11-T-2666-220",NA,72.12,69.24,79.82,90.91,99.19,98.98,85.04,"DH_Urb_21-plot1804",NA,NA,"",NA,NA,NA,"",NA,"",NA,59.58,82.53,132.42,36.01,0.73,11.69,494.51
"319","Kaskaskia",NA,65.33,63.04,82.28,93.39,96.07,100.63,83.46,"Checks",NA,NA,"",NA,NA,NA,"",NA,"",NA,59.02,77.25,137.15,41.88,2.09,32.65,404.66
"320","Pio 25R74",NA,79.52,74.42,89.13,96.96,104.94,103.47,91.41,"Checks",NA,NA,"",NA,NA,NA,"",NA,"",NA,NA,NA,NA,NA,NA,NA,NA
