"","pvals.Line.Name","pvals.predicted.value","pvals.std.error","pvals.status","avsed","trait","study"
"1","07-19334",150.562873637533,0.315849230109015,"Estimable",0.450911230777935,"Heading.time...Julian.date..JD..CO_321.0001233","YT_Msn_22"
"2","17-8930",146.459245968732,0.31602239112363,"Estimable",0.450911230777935,"Heading.time...Julian.date..JD..CO_321.0001233","YT_Msn_22"
"3","18-12001",149.062383593486,0.316355448178914,"Estimable",0.450911230777935,"Heading.time...Julian.date..JD..CO_321.0001233","YT_Msn_22"
"4","18-12756",148.041939219784,0.316740708243649,"Estimable",0.450911230777935,"Heading.time...Julian.date..JD..CO_321.0001233","YT_Msn_22"
"5","18-12809",148.956269112161,0.318382013271771,"Estimable",0.450911230777935,"Heading.time...Julian.date..JD..CO_321.0001233","YT_Msn_22"
"6","18-13748",149.096961160191,0.316239418574642,"Estimable",0.450911230777935,"Heading.time...Julian.date..JD..CO_321.0001233","YT_Msn_22"
"7","18-13756",149.433620892843,0.3183087162001,"Estimable",0.450911230777935,"Heading.time...Julian.date..JD..CO_321.0001233","YT_Msn_22"
"8","18-13765",148.986839995202,0.316753749213762,"Estimable",0.450911230777935,"Heading.time...Julian.date..JD..CO_321.0001233","YT_Msn_22"
"9","18-13852",150.961289730121,0.318515818972145,"Estimable",0.450911230777935,"Heading.time...Julian.date..JD..CO_321.0001233","YT_Msn_22"
"10","18-13965",149.479053369317,0.319040519087113,"Estimable",0.450911230777935,"Heading.time...Julian.date..JD..CO_321.0001233","YT_Msn_22"
"11","18-14535",148.043122996653,0.318455748836073,"Estimable",0.450911230777935,"Heading.time...Julian.date..JD..CO_321.0001233","YT_Msn_22"
"12","18-15372",147.472532396762,0.319058657403019,"Estimable",0.450911230777935,"Heading.time...Julian.date..JD..CO_321.0001233","YT_Msn_22"
"13","18-16828",148.101560269827,0.316711997618067,"Estimable",0.450911230777935,"Heading.time...Julian.date..JD..CO_321.0001233","YT_Msn_22"
"14","18-17119",148.854175883629,0.316371399848312,"Estimable",0.450911230777935,"Heading.time...Julian.date..JD..CO_321.0001233","YT_Msn_22"
"15","18-17905",149.508395617029,0.316278671691381,"Estimable",0.450911230777935,"Heading.time...Julian.date..JD..CO_321.0001233","YT_Msn_22"
"16","18-22132",148.498743495794,0.318555352533554,"Estimable",0.450911230777935,"Heading.time...Julian.date..JD..CO_321.0001233","YT_Msn_22"
"17","18-22767",147.390751781869,0.316577937029875,"Estimable",0.450911230777935,"Heading.time...Julian.date..JD..CO_321.0001233","YT_Msn_22"
"18","18-22976",149.996905390308,0.317910019182777,"Estimable",0.450911230777935,"Heading.time...Julian.date..JD..CO_321.0001233","YT_Msn_22"
"19","18-23224",147.954732294922,0.318414983495493,"Estimable",0.450911230777935,"Heading.time...Julian.date..JD..CO_321.0001233","YT_Msn_22"
"20","18-23760",151.459131613467,0.316365077393894,"Estimable",0.450911230777935,"Heading.time...Julian.date..JD..CO_321.0001233","YT_Msn_22"
"21","18-26037",148.988053405359,0.318429139878039,"Estimable",0.450911230777935,"Heading.time...Julian.date..JD..CO_321.0001233","YT_Msn_22"
"22","18-4910",148.523922577841,0.316705604422259,"Estimable",0.450911230777935,"Heading.time...Julian.date..JD..CO_321.0001233","YT_Msn_22"
"23","18-5737",148.498779857709,0.319842603002315,"Estimable",0.450911230777935,"Heading.time...Julian.date..JD..CO_321.0001233","YT_Msn_22"
"24","18-5837",149.983017255768,0.316659987815388,"Estimable",0.450911230777935,"Heading.time...Julian.date..JD..CO_321.0001233","YT_Msn_22"
"25","18-6274",148.438693782028,0.316344820150917,"Estimable",0.450911230777935,"Heading.time...Julian.date..JD..CO_321.0001233","YT_Msn_22"
"26","18-6852",148.998748193813,0.316303416149083,"Estimable",0.450911230777935,"Heading.time...Julian.date..JD..CO_321.0001233","YT_Msn_22"
"27","18-7928",147.97511729914,0.316290187391059,"Estimable",0.450911230777935,"Heading.time...Julian.date..JD..CO_321.0001233","YT_Msn_22"
"28","18-7943",148.049539754882,0.318434743941522,"Estimable",0.450911230777935,"Heading.time...Julian.date..JD..CO_321.0001233","YT_Msn_22"
"29","18-842",149.08043645063,0.319058739575353,"Estimable",0.450911230777935,"Heading.time...Julian.date..JD..CO_321.0001233","YT_Msn_22"
"30","18-9724",148.568254194829,0.319995747032657,"Estimable",0.450911230777935,"Heading.time...Julian.date..JD..CO_321.0001233","YT_Msn_22"
"31","18MSFRS-18",150.010496398607,0.316351940302404,"Estimable",0.450911230777935,"Heading.time...Julian.date..JD..CO_321.0001233","YT_Msn_22"
"32","Pio 25R74",151.054923111098,0.31674641035456,"Estimable",0.450911230777935,"Heading.time...Julian.date..JD..CO_321.0001233","YT_Msn_22"
"33","US16-IL-061-032",148.489262587183,0.317291384126659,"Estimable",0.450911230777935,"Heading.time...Julian.date..JD..CO_321.0001233","YT_Msn_22"
"34","US16-IL-061-068",147.52122966829,0.316668364213871,"Estimable",0.450911230777935,"Heading.time...Julian.date..JD..CO_321.0001233","YT_Msn_22"
"35","US16-IL-063-026",148.060499720135,0.316716727917952,"Estimable",0.450911230777935,"Heading.time...Julian.date..JD..CO_321.0001233","YT_Msn_22"
"36","US16-IL-063-063",147.516133870989,0.318253380123036,"Estimable",0.450911230777935,"Heading.time...Julian.date..JD..CO_321.0001233","YT_Msn_22"
"37","US17-IL-108-039",151.940225518873,0.316361085914288,"Estimable",0.450911230777935,"Heading.time...Julian.date..JD..CO_321.0001233","YT_Msn_22"
"38","US17-IL-108-070",151.969138243954,0.318554901250136,"Estimable",0.450911230777935,"Heading.time...Julian.date..JD..CO_321.0001233","YT_Msn_22"
"39","US17-IL-111-005",148.006480371271,0.316649805890464,"Estimable",0.450911230777935,"Heading.time...Julian.date..JD..CO_321.0001233","YT_Msn_22"
"40","US17-IL-111-006",147.486880648092,0.319694451513973,"Estimable",0.450911230777935,"Heading.time...Julian.date..JD..CO_321.0001233","YT_Msn_22"
"41","07-19334",93.1633890180519,11.5378863959738,"Estimable",16.3272540639543,"Grain.yield...bu.ac","YT_Msn_22"
"42","17-8930",92.2497886682486,11.535594284128,"Estimable",16.3272540639543,"Grain.yield...bu.ac","YT_Msn_22"
"43","18-12001",93.2756973446216,11.5369527238144,"Estimable",16.3272540639543,"Grain.yield...bu.ac","YT_Msn_22"
"44","18-12756",86.5140443163514,11.5530500662212,"Estimable",16.3272540639543,"Grain.yield...bu.ac","YT_Msn_22"
"45","18-12809",38.5888509945104,11.5512530081399,"Estimable",16.3272540639543,"Grain.yield...bu.ac","YT_Msn_22"
"46","18-13748",93.2574972700402,11.5382334540175,"Estimable",16.3272540639543,"Grain.yield...bu.ac","YT_Msn_22"
"47","18-13756",51.0153074579207,11.5543244680162,"Estimable",16.3272540639543,"Grain.yield...bu.ac","YT_Msn_22"
"48","18-13765",88.5729605789839,11.5725748440022,"Estimable",16.3272540639543,"Grain.yield...bu.ac","YT_Msn_22"
"49","18-13852",77.3415181330312,11.5841088234558,"Estimable",16.3272540639543,"Grain.yield...bu.ac","YT_Msn_22"
"50","18-13965",95.5949012796061,11.5220436729429,"Estimable",16.3272540639543,"Grain.yield...bu.ac","YT_Msn_22"
"51","18-14535",93.5662071078117,11.5690396338342,"Estimable",16.3272540639543,"Grain.yield...bu.ac","YT_Msn_22"
"52","18-15372",53.9522203812939,11.5238660352521,"Estimable",16.3272540639543,"Grain.yield...bu.ac","YT_Msn_22"
"53","18-16828",72.4091162702464,11.5578371888615,"Estimable",16.3272540639543,"Grain.yield...bu.ac","YT_Msn_22"
"54","18-17119",65.5140910771201,11.5546097309277,"Estimable",16.3272540639543,"Grain.yield...bu.ac","YT_Msn_22"
"55","18-17905",96.2495935821483,11.537960219031,"Estimable",16.3272540639543,"Grain.yield...bu.ac","YT_Msn_22"
"56","18-22132",88.0005221551611,11.5843697170167,"Estimable",16.3272540639543,"Grain.yield...bu.ac","YT_Msn_22"
"57","18-22767",62.4864640700227,11.5425348570582,"Estimable",16.3272540639543,"Grain.yield...bu.ac","YT_Msn_22"
"58","18-22976",73.8962425159972,11.5510325124906,"Estimable",16.3272540639543,"Grain.yield...bu.ac","YT_Msn_22"
"59","18-23224",51.4218987049232,11.5660102382149,"Estimable",16.3272540639543,"Grain.yield...bu.ac","YT_Msn_22"
"60","18-23760",84.9878611665933,11.5501748941887,"Estimable",16.3272540639543,"Grain.yield...bu.ac","YT_Msn_22"
"61","18-26037",72.0893739247256,11.5675598589668,"Estimable",16.3272540639543,"Grain.yield...bu.ac","YT_Msn_22"
"62","18-4910",89.5971401313144,11.5397321961576,"Estimable",16.3272540639543,"Grain.yield...bu.ac","YT_Msn_22"
"63","18-5737",83.2023506889779,11.563385956987,"Estimable",16.3272540639543,"Grain.yield...bu.ac","YT_Msn_22"
"64","18-5837",95.809468402347,11.5381918355187,"Estimable",16.3272540639543,"Grain.yield...bu.ac","YT_Msn_22"
"65","18-6274",100.077148036126,11.536214494747,"Estimable",16.3272540639543,"Grain.yield...bu.ac","YT_Msn_22"
"66","18-6852",76.4311311442019,11.5367330978529,"Estimable",16.3272540639543,"Grain.yield...bu.ac","YT_Msn_22"
"67","18-7928",46.9364225817052,11.5375401034755,"Estimable",16.3272540639543,"Grain.yield...bu.ac","YT_Msn_22"
"68","18-7943",80.5499200923356,11.567627956189,"Estimable",16.3272540639543,"Grain.yield...bu.ac","YT_Msn_22"
"69","18-842",108.921336445184,11.5221738573888,"Estimable",16.3272540639543,"Grain.yield...bu.ac","YT_Msn_22"
"70","18-9724",41.5942498593284,11.5670768130457,"Estimable",16.3272540639543,"Grain.yield...bu.ac","YT_Msn_22"
"71","18MSFRS-18",112.334011853608,11.5550494240694,"Estimable",16.3272540639543,"Grain.yield...bu.ac","YT_Msn_22"
"72","Pio 25R74",107.402721628271,11.5529274384505,"Estimable",16.3272540639543,"Grain.yield...bu.ac","YT_Msn_22"
"73","US16-IL-061-032",50.5994228474221,11.5083643396919,"Estimable",16.3272540639543,"Grain.yield...bu.ac","YT_Msn_22"
"74","US16-IL-061-068",69.1146664453343,11.5545239868178,"Estimable",16.3272540639543,"Grain.yield...bu.ac","YT_Msn_22"
"75","US16-IL-063-026",59.3748581987777,11.5398828563211,"Estimable",16.3272540639543,"Grain.yield...bu.ac","YT_Msn_22"
"76","US16-IL-063-063",102.748825243491,11.5523166614156,"Estimable",16.3272540639543,"Grain.yield...bu.ac","YT_Msn_22"
"77","US17-IL-108-039",50.2995734958181,11.5545106333852,"Estimable",16.3272540639543,"Grain.yield...bu.ac","YT_Msn_22"
"78","US17-IL-108-070",72.7978336983517,11.5843849758604,"Estimable",16.3272540639543,"Grain.yield...bu.ac","YT_Msn_22"
"79","US17-IL-111-005",94.6919912136373,11.5361971892726,"Estimable",16.3272540639543,"Grain.yield...bu.ac","YT_Msn_22"
"80","US17-IL-111-006",93.1448923245027,11.5643336507047,"Estimable",16.3272540639543,"Grain.yield...bu.ac","YT_Msn_22"
"81","07-19334",61.4589468585594,9.58903656793116,"Estimable",13.5535149794734,"Grain.test.weight...lbs.bu","YT_Msn_22"
"82","17-8930",59.5492498494395,9.58903774634122,"Estimable",13.5535149794734,"Grain.test.weight...lbs.bu","YT_Msn_22"
"83","18-12001",61.9646686804067,9.58901907089393,"Estimable",13.5535149794734,"Grain.test.weight...lbs.bu","YT_Msn_22"
"84","18-12756",61.6121055093336,9.58900076485332,"Estimable",13.5535149794734,"Grain.test.weight...lbs.bu","YT_Msn_22"
"85","18-12809",30.2468437889285,9.58974835987552,"Estimable",13.5535149794734,"Grain.test.weight...lbs.bu","YT_Msn_22"
"86","18-13748",62.6720813578438,9.58901844208403,"Estimable",13.5535149794734,"Grain.test.weight...lbs.bu","YT_Msn_22"
"87","18-13756",31.1072886417009,9.58974808034333,"Estimable",13.5535149794734,"Grain.test.weight...lbs.bu","YT_Msn_22"
"88","18-13765",61.2267886932091,9.58900071178533,"Estimable",13.5535149794734,"Grain.test.weight...lbs.bu","YT_Msn_22"
"89","18-13852",59.9866948710187,9.58974908051309,"Estimable",13.5535149794734,"Grain.test.weight...lbs.bu","YT_Msn_22"
"90","18-13965",62.3853003051025,9.58971575350393,"Estimable",13.5535149794734,"Grain.test.weight...lbs.bu","YT_Msn_22"
"91","18-14535",60.3743460556047,9.58974871318256,"Estimable",13.5535149794734,"Grain.test.weight...lbs.bu","YT_Msn_22"
"92","18-15372",61.0276026205052,9.58971574417895,"Estimable",13.5535149794734,"Grain.test.weight...lbs.bu","YT_Msn_22"
"93","18-16828",61.7976833986172,9.58900059171617,"Estimable",13.5535149794734,"Grain.test.weight...lbs.bu","YT_Msn_22"
"94","18-17119",60.2509658173107,9.58901914318028,"Estimable",13.5535149794734,"Grain.test.weight...lbs.bu","YT_Msn_22"
"95","18-17905",60.7198774242085,9.58901854344829,"Estimable",13.5535149794734,"Grain.test.weight...lbs.bu","YT_Msn_22"
"96","18-22132",61.4861260784942,9.58974930708006,"Estimable",13.5535149794734,"Grain.test.weight...lbs.bu","YT_Msn_22"
"97","18-22767",59.8554219502906,9.5889998253232,"Estimable",13.5535149794734,"Grain.test.weight...lbs.bu","YT_Msn_22"
"98","18-22976",60.5291444423185,9.58976641287511,"Estimable",13.5535149794734,"Grain.test.weight...lbs.bu","YT_Msn_22"
"99","18-23224",61.3852412672567,9.58974861044385,"Estimable",13.5535149794734,"Grain.test.weight...lbs.bu","YT_Msn_22"
"100","18-23760",61.9524603534689,9.58901934146884,"Estimable",13.5535149794734,"Grain.test.weight...lbs.bu","YT_Msn_22"
"101","18-26037",61.3086351557109,9.58974860768877,"Estimable",13.5535149794734,"Grain.test.weight...lbs.bu","YT_Msn_22"
"102","18-4910",62.1365173523383,9.58900064354147,"Estimable",13.5535149794734,"Grain.test.weight...lbs.bu","YT_Msn_22"
"103","18-5737",60.6658121983967,9.59049518189097,"Estimable",13.5535149794734,"Grain.test.weight...lbs.bu","YT_Msn_22"
"104","18-5837",63.5295052839695,9.58900029462215,"Estimable",13.5535149794734,"Grain.test.weight...lbs.bu","YT_Msn_22"
"105","18-6274",62.8307528394727,9.58901907617124,"Estimable",13.5535149794734,"Grain.test.weight...lbs.bu","YT_Msn_22"
"106","18-6852",61.0965522259596,9.58901885939344,"Estimable",13.5535149794734,"Grain.test.weight...lbs.bu","YT_Msn_22"
"107","18-7928",60.6472966175854,9.58901852984551,"Estimable",13.5535149794734,"Grain.test.weight...lbs.bu","YT_Msn_22"
"108","18-7943",57.6277656144126,9.58974885119026,"Estimable",13.5535149794734,"Grain.test.weight...lbs.bu","YT_Msn_22"
"109","18-842",60.9779389638261,9.58971586842429,"Estimable",13.5535149794734,"Grain.test.weight...lbs.bu","YT_Msn_22"
"110","18-9724",0.000268716788386228,9.59049598132852,"Estimable",13.5535149794734,"Grain.test.weight...lbs.bu","YT_Msn_22"
"111","18MSFRS-18",62.0540647973283,9.58901916181723,"Estimable",13.5535149794734,"Grain.test.weight...lbs.bu","YT_Msn_22"
"112","Pio 25R74",59.9683324777241,9.58900076680709,"Estimable",13.5535149794734,"Grain.test.weight...lbs.bu","YT_Msn_22"
"113","US16-IL-061-032",30.5890241767556,9.58896737825729,"Estimable",13.5535149794734,"Grain.test.weight...lbs.bu","YT_Msn_22"
"114","US16-IL-061-068",60.811961584659,9.58900049497716,"Estimable",13.5535149794734,"Grain.test.weight...lbs.bu","YT_Msn_22"
"115","US16-IL-063-026",62.0523673550444,9.58900063994433,"Estimable",13.5535149794734,"Grain.test.weight...lbs.bu","YT_Msn_22"
"116","US16-IL-063-063",60.0623942858878,9.58974773415365,"Estimable",13.5535149794734,"Grain.test.weight...lbs.bu","YT_Msn_22"
"117","US17-IL-108-039",29.1526458177804,9.58901889106334,"Estimable",13.5535149794734,"Grain.test.weight...lbs.bu","YT_Msn_22"
"118","US17-IL-108-070",59.5450877024453,9.58974931007242,"Estimable",13.5535149794734,"Grain.test.weight...lbs.bu","YT_Msn_22"
"119","US17-IL-111-005",60.452855376399,9.58900029890356,"Estimable",13.5535149794734,"Grain.test.weight...lbs.bu","YT_Msn_22"
"120","US17-IL-111-006",60.5538939795754,9.59049437083672,"Estimable",13.5535149794734,"Grain.test.weight...lbs.bu","YT_Msn_22"
"121","07-19334",13.5749982641304,0.208242778498495,"Estimable",0.25778393427365,"Grain.moisture.content.....CO_321.0001198","YT_Msn_22"
"122","17-8930",13.2173697511346,0.203720216430881,"Estimable",0.25778393427365,"Grain.moisture.content.....CO_321.0001198","YT_Msn_22"
"123","18-12001",13.8511868500869,0.20376918421923,"Estimable",0.25778393427365,"Grain.moisture.content.....CO_321.0001198","YT_Msn_22"
"124","18-12756",13.6330718120853,0.205120749457429,"Estimable",0.25778393427365,"Grain.moisture.content.....CO_321.0001198","YT_Msn_22"
"125","18-12809",13.710956092335,0.203163461122569,"Estimable",0.25778393427365,"Grain.moisture.content.....CO_321.0001198","YT_Msn_22"
"126","18-13748",14.090644513444,0.201442755917936,"Estimable",0.25778393427365,"Grain.moisture.content.....CO_321.0001198","YT_Msn_22"
"127","18-13756",13.6765283210425,0.205663142397173,"Estimable",0.25778393427365,"Grain.moisture.content.....CO_321.0001198","YT_Msn_22"
"128","18-13765",14.0151774801506,0.207731744895826,"Estimable",0.25778393427365,"Grain.moisture.content.....CO_321.0001198","YT_Msn_22"
"129","18-13852",13.9262538855106,0.212249140305537,"Estimable",0.25778393427365,"Grain.moisture.content.....CO_321.0001198","YT_Msn_22"
"130","18-13965",13.9824216908709,0.21514013440791,"Estimable",0.25778393427365,"Grain.moisture.content.....CO_321.0001198","YT_Msn_22"
"131","18-14535",13.962886788973,0.208979961633345,"Estimable",0.25778393427365,"Grain.moisture.content.....CO_321.0001198","YT_Msn_22"
"132","18-15372",14.0034534892637,0.212933738119173,"Estimable",0.25778393427365,"Grain.moisture.content.....CO_321.0001198","YT_Msn_22"
"133","18-16828",13.880077419989,0.206591819499488,"Estimable",0.25778393427365,"Grain.moisture.content.....CO_321.0001198","YT_Msn_22"
"134","18-17119",13.4822035654385,0.208626265153828,"Estimable",0.25778393427365,"Grain.moisture.content.....CO_321.0001198","YT_Msn_22"
"135","18-17905",13.3412404540626,0.204034277544068,"Estimable",0.25778393427365,"Grain.moisture.content.....CO_321.0001198","YT_Msn_22"
"136","18-22132",13.9746822511848,0.211361226415899,"Estimable",0.25778393427365,"Grain.moisture.content.....CO_321.0001198","YT_Msn_22"
"137","18-22767",13.782504904116,0.202989527668164,"Estimable",0.25778393427365,"Grain.moisture.content.....CO_321.0001198","YT_Msn_22"
"138","18-22976",13.4296013652307,0.207402020981706,"Estimable",0.25778393427365,"Grain.moisture.content.....CO_321.0001198","YT_Msn_22"
"139","18-23224",14.4482620316942,0.207512288223689,"Estimable",0.25778393427365,"Grain.moisture.content.....CO_321.0001198","YT_Msn_22"
"140","18-23760",13.866563000072,0.208117784283555,"Estimable",0.25778393427365,"Grain.moisture.content.....CO_321.0001198","YT_Msn_22"
"141","18-26037",13.9629931211756,0.207444295383478,"Estimable",0.25778393427365,"Grain.moisture.content.....CO_321.0001198","YT_Msn_22"
"142","18-4910",13.7635072423341,0.197211864484863,"Estimable",0.25778393427365,"Grain.moisture.content.....CO_321.0001198","YT_Msn_22"
"143","18-5737",13.9665502669844,0.207906977634431,"Estimable",0.25778393427365,"Grain.moisture.content.....CO_321.0001198","YT_Msn_22"
"144","18-5837",13.7514423287934,0.199603005076606,"Estimable",0.25778393427365,"Grain.moisture.content.....CO_321.0001198","YT_Msn_22"
"145","18-6274",13.5645233493799,0.20136922741862,"Estimable",0.25778393427365,"Grain.moisture.content.....CO_321.0001198","YT_Msn_22"
"146","18-6852",13.395451185403,0.201106993918606,"Estimable",0.25778393427365,"Grain.moisture.content.....CO_321.0001198","YT_Msn_22"
"147","18-7928",13.3070893403291,0.206821388082128,"Estimable",0.25778393427365,"Grain.moisture.content.....CO_321.0001198","YT_Msn_22"
"148","18-7943",13.013860552119,0.210359562676931,"Estimable",0.25778393427365,"Grain.moisture.content.....CO_321.0001198","YT_Msn_22"
"149","18-842",13.5260284420318,0.210672538456506,"Estimable",0.25778393427365,"Grain.moisture.content.....CO_321.0001198","YT_Msn_22"
"150","18-9724",13.7388657143706,0.211196251127732,"Estimable",0.25778393427365,"Grain.moisture.content.....CO_321.0001198","YT_Msn_22"
"151","18MSFRS-18",13.910573220222,0.205997790335715,"Estimable",0.25778393427365,"Grain.moisture.content.....CO_321.0001198","YT_Msn_22"
"152","Pio 25R74",14.1341258571549,0.203306570721623,"Estimable",0.25778393427365,"Grain.moisture.content.....CO_321.0001198","YT_Msn_22"
"153","US16-IL-061-032",13.8750299325424,0.20973735104467,"Estimable",0.25778393427365,"Grain.moisture.content.....CO_321.0001198","YT_Msn_22"
"154","US16-IL-061-068",13.2018027993052,0.208339359946382,"Estimable",0.25778393427365,"Grain.moisture.content.....CO_321.0001198","YT_Msn_22"
"155","US16-IL-063-026",13.967832827585,0.202732606276566,"Estimable",0.25778393427365,"Grain.moisture.content.....CO_321.0001198","YT_Msn_22"
"156","US16-IL-063-063",13.3191498923423,0.205277140592677,"Estimable",0.25778393427365,"Grain.moisture.content.....CO_321.0001198","YT_Msn_22"
"157","US17-IL-108-039",13.4697567874368,0.208989368578987,"Estimable",0.25778393427365,"Grain.moisture.content.....CO_321.0001198","YT_Msn_22"
"158","US17-IL-108-070",13.2256600906236,0.212080483656669,"Estimable",0.25778393427365,"Grain.moisture.content.....CO_321.0001198","YT_Msn_22"
"159","US17-IL-111-005",13.5572608124806,0.197572227076699,"Estimable",0.25778393427365,"Grain.moisture.content.....CO_321.0001198","YT_Msn_22"
"160","US17-IL-111-006",13.5167597712813,0.214259335291845,"Estimable",0.25778393427365,"Grain.moisture.content.....CO_321.0001198","YT_Msn_22"
"161","07-19334",37.9105557372637,0.556629241677389,"Estimable",0.806927983813651,"Plant.height.inches","YT_Msn_22"
"162","17-8930",34.5174510563298,0.555494424863798,"Estimable",0.806927983813651,"Plant.height.inches","YT_Msn_22"
"163","18-12001",39.7941424650777,0.5599644660967,"Estimable",0.806927983813651,"Plant.height.inches","YT_Msn_22"
"164","18-12756",36.0404611792392,0.576955141731631,"Estimable",0.806927983813651,"Plant.height.inches","YT_Msn_22"
"165","18-12809",38.1459700519795,0.580888279727944,"Estimable",0.806927983813651,"Plant.height.inches","YT_Msn_22"
"166","18-13748",38.223652756515,0.567332717777159,"Estimable",0.806927983813651,"Plant.height.inches","YT_Msn_22"
"167","18-13756",38.3736727060174,0.5937285753911,"Estimable",0.806927983813651,"Plant.height.inches","YT_Msn_22"
"168","18-13765",38.018827762545,0.605704004054681,"Estimable",0.806927983813651,"Plant.height.inches","YT_Msn_22"
"169","18-13852",37.3124624054744,0.615578791300098,"Estimable",0.806927983813651,"Plant.height.inches","YT_Msn_22"
"170","18-13965",37.4896012504676,0.550428198669725,"Estimable",0.806927983813651,"Plant.height.inches","YT_Msn_22"
"171","18-14535",34.67801116593,0.598844761754896,"Estimable",0.806927983813651,"Plant.height.inches","YT_Msn_22"
"172","18-15372",37.7175373245892,0.561487134443303,"Estimable",0.806927983813651,"Plant.height.inches","YT_Msn_22"
"173","18-16828",37.3716029559451,0.597233665968789,"Estimable",0.806927983813651,"Plant.height.inches","YT_Msn_22"
"174","18-17119",38.1785471914988,0.581529090283179,"Estimable",0.806927983813651,"Plant.height.inches","YT_Msn_22"
"175","18-17905",38.2421504190257,0.561928419141309,"Estimable",0.806927983813651,"Plant.height.inches","YT_Msn_22"
"176","18-22132",37.845513383628,0.619958033554606,"Estimable",0.806927983813651,"Plant.height.inches","YT_Msn_22"
"177","18-22767",36.2396442745027,0.577702639510974,"Estimable",0.806927983813651,"Plant.height.inches","YT_Msn_22"
"178","18-22976",38.143128450871,0.573310962416823,"Estimable",0.806927983813651,"Plant.height.inches","YT_Msn_22"
"179","18-23224",40.4702990205473,0.586838384521169,"Estimable",0.806927983813651,"Plant.height.inches","YT_Msn_22"
"180","18-23760",40.3235547367503,0.561234271955568,"Estimable",0.806927983813651,"Plant.height.inches","YT_Msn_22"
"181","18-26037",38.4266853523765,0.594859181300914,"Estimable",0.806927983813651,"Plant.height.inches","YT_Msn_22"
"182","18-4910",37.8335306286707,0.574608053133083,"Estimable",0.806927983813651,"Plant.height.inches","YT_Msn_22"
"183","18-5737",37.916017847666,0.581143267802443,"Estimable",0.806927983813651,"Plant.height.inches","YT_Msn_22"
"184","18-5837",37.8221162665283,0.564080042984371,"Estimable",0.806927983813651,"Plant.height.inches","YT_Msn_22"
"185","18-6274",38.2095025363216,0.550144059596088,"Estimable",0.806927983813651,"Plant.height.inches","YT_Msn_22"
"186","18-6852",35.7748879710317,0.557014741954736,"Estimable",0.806927983813651,"Plant.height.inches","YT_Msn_22"
"187","18-7928",35.0082739469801,0.550448321298761,"Estimable",0.806927983813651,"Plant.height.inches","YT_Msn_22"
"188","18-7943",35.5727821699195,0.594027363651235,"Estimable",0.806927983813651,"Plant.height.inches","YT_Msn_22"
"189","18-842",37.596209470774,0.556547323709211,"Estimable",0.806927983813651,"Plant.height.inches","YT_Msn_22"
"190","18-9724",36.2587373214699,0.598200964615701,"Estimable",0.806927983813651,"Plant.height.inches","YT_Msn_22"
"191","18MSFRS-18",36.9634737048356,0.588611460263427,"Estimable",0.806927983813651,"Plant.height.inches","YT_Msn_22"
"192","Pio 25R74",33.7424737510093,0.574440625346639,"Estimable",0.806927983813651,"Plant.height.inches","YT_Msn_22"
"193","US16-IL-061-032",38.8745509592694,0.529766759984635,"Estimable",0.806927983813651,"Plant.height.inches","YT_Msn_22"
"194","US16-IL-061-068",38.5594382119548,0.581543079423102,"Estimable",0.806927983813651,"Plant.height.inches","YT_Msn_22"
"195","US16-IL-063-026",37.0726758735428,0.571913165191034,"Estimable",0.806927983813651,"Plant.height.inches","YT_Msn_22"
"196","US16-IL-063-063",33.3542197868302,0.581592291649492,"Estimable",0.806927983813651,"Plant.height.inches","YT_Msn_22"
"197","US17-IL-108-039",35.0785732708056,0.580613425059514,"Estimable",0.806927983813651,"Plant.height.inches","YT_Msn_22"
"198","US17-IL-108-070",36.8777661790095,0.619425101587492,"Estimable",0.806927983813651,"Plant.height.inches","YT_Msn_22"
"199","US17-IL-111-005",38.3194461190426,0.555929757438249,"Estimable",0.806927983813651,"Plant.height.inches","YT_Msn_22"
"200","US17-IL-111-006",36.7640428653915,0.579196556521645,"Estimable",0.806927983813651,"Plant.height.inches","YT_Msn_22"
"201","07-19334",2.17704192524118,1.28457992840129,"Estimable",1.80032438708451,"Lodging.incidence...0.9.percentage.scale.CO_321.0001282","YT_Msn_22"
"202","17-8930",0.320361109422841,1.28396816529151,"Estimable",1.80032438708451,"Lodging.incidence...0.9.percentage.scale.CO_321.0001282","YT_Msn_22"
"203","18-12001",-0.476195105298701,1.28583050202324,"Estimable",1.80032438708451,"Lodging.incidence...0.9.percentage.scale.CO_321.0001282","YT_Msn_22"
"204","18-12756",7.83590006648598,1.30531750448298,"Estimable",1.80032438708451,"Lodging.incidence...0.9.percentage.scale.CO_321.0001282","YT_Msn_22"
"205","18-12809",8.71053760892799,1.2850878009767,"Estimable",1.80032438708451,"Lodging.incidence...0.9.percentage.scale.CO_321.0001282","YT_Msn_22"
"206","18-13748",0.84827955870524,1.28406991585722,"Estimable",1.80032438708451,"Lodging.incidence...0.9.percentage.scale.CO_321.0001282","YT_Msn_22"
"207","18-13756",0.240870909960479,1.29001874750338,"Estimable",1.80032438708451,"Lodging.incidence...0.9.percentage.scale.CO_321.0001282","YT_Msn_22"
"208","18-13765",6.88373258664546,1.32329340375412,"Estimable",1.80032438708451,"Lodging.incidence...0.9.percentage.scale.CO_321.0001282","YT_Msn_22"
"209","18-13852",6.96405140532491,1.32360180037946,"Estimable",1.80032438708451,"Lodging.incidence...0.9.percentage.scale.CO_321.0001282","YT_Msn_22"
"210","18-13965",-0.890710850171051,1.30336526313224,"Estimable",1.80032438708451,"Lodging.incidence...0.9.percentage.scale.CO_321.0001282","YT_Msn_22"
"211","18-14535",6.31829754698344,1.31023574895569,"Estimable",1.80032438708451,"Lodging.incidence...0.9.percentage.scale.CO_321.0001282","YT_Msn_22"
"212","18-15372",8.07509290243776,1.30012235767212,"Estimable",1.80032438708451,"Lodging.incidence...0.9.percentage.scale.CO_321.0001282","YT_Msn_22"
"213","18-16828",8.01884725867052,1.30933011128343,"Estimable",1.80032438708451,"Lodging.incidence...0.9.percentage.scale.CO_321.0001282","YT_Msn_22"
"214","18-17119",8.73026068295712,1.3032866403934,"Estimable",1.80032438708451,"Lodging.incidence...0.9.percentage.scale.CO_321.0001282","YT_Msn_22"
"215","18-17905",2.92321685863569,1.28504039561102,"Estimable",1.80032438708451,"Lodging.incidence...0.9.percentage.scale.CO_321.0001282","YT_Msn_22"
"216","18-22132",8.17135905014598,1.32367649331692,"Estimable",1.80032438708451,"Lodging.incidence...0.9.percentage.scale.CO_321.0001282","YT_Msn_22"
"217","18-22767",6.47121430441,1.29077875517626,"Estimable",1.80032438708451,"Lodging.incidence...0.9.percentage.scale.CO_321.0001282","YT_Msn_22"
"218","18-22976",7.38581662259308,1.28613789993927,"Estimable",1.80032438708451,"Lodging.incidence...0.9.percentage.scale.CO_321.0001282","YT_Msn_22"
"219","18-23224",8.49234469264114,1.3048522025869,"Estimable",1.80032438708451,"Lodging.incidence...0.9.percentage.scale.CO_321.0001282","YT_Msn_22"
"220","18-23760",0.385407960826095,1.3061640994382,"Estimable",1.80032438708451,"Lodging.incidence...0.9.percentage.scale.CO_321.0001282","YT_Msn_22"
"221","18-26037",8.43790179182185,1.30449667871054,"Estimable",1.80032438708451,"Lodging.incidence...0.9.percentage.scale.CO_321.0001282","YT_Msn_22"
"222","18-4910",3.36220889206968,1.28142025905461,"Estimable",1.80032438708451,"Lodging.incidence...0.9.percentage.scale.CO_321.0001282","YT_Msn_22"
"223","18-5737",3.26866844354635,1.28844266152441,"Estimable",1.80032438708451,"Lodging.incidence...0.9.percentage.scale.CO_321.0001282","YT_Msn_22"
"224","18-5837",3.99912658336782,1.28614263569714,"Estimable",1.80032438708451,"Lodging.incidence...0.9.percentage.scale.CO_321.0001282","YT_Msn_22"
"225","18-6274",6.03944064889937,1.28487370747685,"Estimable",1.80032438708451,"Lodging.incidence...0.9.percentage.scale.CO_321.0001282","YT_Msn_22"
"226","18-6852",5.18653523774351,1.28658377721623,"Estimable",1.80032438708451,"Lodging.incidence...0.9.percentage.scale.CO_321.0001282","YT_Msn_22"
"227","18-7928",8.88849227910254,1.28622004573622,"Estimable",1.80032438708451,"Lodging.incidence...0.9.percentage.scale.CO_321.0001282","YT_Msn_22"
"228","18-7943",5.38239132635771,1.31191924429043,"Estimable",1.80032438708451,"Lodging.incidence...0.9.percentage.scale.CO_321.0001282","YT_Msn_22"
"229","18-842",0.470153908316401,1.29522549257713,"Estimable",1.80032438708451,"Lodging.incidence...0.9.percentage.scale.CO_321.0001282","YT_Msn_22"
"230","18-9724",9.15488782037651,1.29311624804655,"Estimable",1.80032438708451,"Lodging.incidence...0.9.percentage.scale.CO_321.0001282","YT_Msn_22"
"231","18MSFRS-18",4.47814405986918,1.30354477375479,"Estimable",1.80032438708451,"Lodging.incidence...0.9.percentage.scale.CO_321.0001282","YT_Msn_22"
"232","Pio 25R74",0.116231857657505,1.30365050994596,"Estimable",1.80032438708451,"Lodging.incidence...0.9.percentage.scale.CO_321.0001282","YT_Msn_22"
"233","US16-IL-061-032",8.9633540387491,1.2960705191773,"Estimable",1.80032438708451,"Lodging.incidence...0.9.percentage.scale.CO_321.0001282","YT_Msn_22"
"234","US16-IL-061-068",6.96388881137661,1.30584756822763,"Estimable",1.80032438708451,"Lodging.incidence...0.9.percentage.scale.CO_321.0001282","YT_Msn_22"
"235","US16-IL-063-026",8.46375514247688,1.28973326804475,"Estimable",1.80032438708451,"Lodging.incidence...0.9.percentage.scale.CO_321.0001282","YT_Msn_22"
"236","US16-IL-063-063",1.17306287084905,1.28572380181437,"Estimable",1.80032438708451,"Lodging.incidence...0.9.percentage.scale.CO_321.0001282","YT_Msn_22"
"237","US17-IL-108-039",8.50586666792822,1.30405207389007,"Estimable",1.80032438708451,"Lodging.incidence...0.9.percentage.scale.CO_321.0001282","YT_Msn_22"
"238","US17-IL-108-070",8.46689397734801,1.3235171360385,"Estimable",1.80032438708451,"Lodging.incidence...0.9.percentage.scale.CO_321.0001282","YT_Msn_22"
"239","US17-IL-111-005",0.758043431057276,1.28454184985901,"Estimable",1.80032438708451,"Lodging.incidence...0.9.percentage.scale.CO_321.0001282","YT_Msn_22"
"240","US17-IL-111-006",1.43390874098227,1.29168856907742,"Estimable",1.80032438708451,"Lodging.incidence...0.9.percentage.scale.CO_321.0001282","YT_Msn_22"
